<?xml version="1.0" ?>
<images>
  <image>
    <ssid>20519992</ssid>
    </image>
  <image>
    <ssid>20519993</ssid>
    </image>
  <image>
    <ssid>20519994</ssid>
    </image>
  <image>
    <ssid>20519995</ssid>
    </image>
  <image>
    <ssid>20519996</ssid>
    </image>
  <image>
    <ssid>20519998</ssid>
    </image>
  <image>
    <ssid>20519999</ssid>
    </image>
  <image>
    <ssid>20520000</ssid>
    </image>
  <image>
    <ssid>20520001</ssid>
    </image>
  <image>
    <ssid>20616092</ssid>
    </image>
  <image>
    <ssid>20616093</ssid>
    </image>
  <image>
    <ssid>20616094</ssid>
    </image>
  <image>
    <ssid>20616095</ssid>
    </image>
  <image>
    <ssid>26013033</ssid>
    <imageUrl>https://stor.artstor.org/iiif/2019/08/22/19/dd756d36-9e49-4a38-a3cc-73b066f79ada_deflate.tif/info.json</imageUrl>
  </image>
  <image>
    <ssid>26013034</ssid>
    <imageUrl>https://stor.artstor.org/iiif/2019/08/22/19/f33bbba7-ed1f-45db-b672-2e0ca1c33507_deflate.tif/info.json</imageUrl>
  </image>
  <image>
    <ssid>26013035</ssid>
    <imageUrl>https://stor.artstor.org/iiif/2019/08/22/19/f7832d4c-ce2c-48fe-a51c-32a2400671fd_deflate.tif/info.json</imageUrl>
  </image>
  <image>
    <ssid>22124686</ssid>
    </image>
  <image>
    <ssid>22403213</ssid>
    </image>
  <image>
    <ssid>22403214</ssid>
    </image>
  <image>
    <ssid>22403215</ssid>
    </image>
  <image>
    <ssid>26568893</ssid>
    <imageUrl>https://stor.artstor.org/iiif/2019/10/11/16/e493f1ac-2e19-41ed-9a0b-a58ad3f065ff_deflate.tif/info.json</imageUrl>
  </image>
  <image>
    <ssid>26568894</ssid>
    <imageUrl>https://stor.artstor.org/iiif/2019/10/11/16/966c442a-aa08-47e0-9bd8-a06f434bfcd4_deflate.tif/info.json</imageUrl>
  </image>
  <image>
    <ssid>20433657</ssid>
    </image>
  <image>
    <ssid>20433658</ssid>
    </image>
  <image>
    <ssid>20433659</ssid>
    </image>
  <image>
    <ssid>20433660</ssid>
    </image>
  <image>
    <ssid>20433661</ssid>
    </image>
  <image>
    <ssid>20433662</ssid>
    </image>
  <image>
    <ssid>21008433</ssid>
    </image>
  <image>
    <ssid>21008434</ssid>
    </image>
  <image>
    <ssid>21008435</ssid>
    </image>
  <image>
    <ssid>20892389</ssid>
    </image>
  <image>
    <ssid>20892390</ssid>
    </image>
  <image>
    <ssid>22122083</ssid>
    </image>
  <image>
    <ssid>20929982</ssid>
    </image>
  <image>
    <ssid>20929983</ssid>
    </image>
  <image>
    <ssid>20929984</ssid>
    </image>
  <image>
    <ssid>20929985</ssid>
    </image>
  <image>
    <ssid>20929986</ssid>
    </image>
  <image>
    <ssid>20929987</ssid>
    </image>
  <image>
    <ssid>20900143</ssid>
    </image>
  <image>
    <ssid>20900144</ssid>
    </image>
  <image>
    <ssid>20900146</ssid>
    </image>
  <image>
    <ssid>20900147</ssid>
    </image>
  <image>
    <ssid>26182734</ssid>
    <imageUrl>https://stor.artstor.org/iiif/2019/09/05/14/f50ed7fd-e446-4048-bb90-ec82d7b7cc45_deflate.tif/info.json</imageUrl>
  </image>
  <image>
    <ssid>22404746</ssid>
    </image>
  <image>
    <ssid>22404747</ssid>
    </image>
  <image>
    <ssid>22098311</ssid>
    </image>
  <image>
    <ssid>22098313</ssid>
    </image>
  <image>
    <ssid>22965846</ssid>
    </image>
  <image>
    <ssid>22965847</ssid>
    </image>
  <image>
    <ssid>22965851</ssid>
    </image>
  <image>
    <ssid>22112344</ssid>
    </image>
  <image>
    <ssid>22112379</ssid>
    </image>
  <image>
    <ssid>22112380</ssid>
    </image>
  <image>
    <ssid>22098247</ssid>
    </image>
  <image>
    <ssid>22098265</ssid>
    </image>
  <image>
    <ssid>22098266</ssid>
    </image>
  <image>
    <ssid>22098269</ssid>
    </image>
  <image>
    <ssid>22098270</ssid>
    </image>
  <image>
    <ssid>22098267</ssid>
    </image>
  <image>
    <ssid>22098268</ssid>
    </image>
  <image>
    <ssid>22098271</ssid>
    </image>
  <image>
    <ssid>22098272</ssid>
    </image>
  <image>
    <ssid>22098273</ssid>
    </image>
  <image>
    <ssid>22098274</ssid>
    </image>
  <image>
    <ssid>22098275</ssid>
    </image>
  <image>
    <ssid>22098276</ssid>
    </image>
  <image>
    <ssid>22098248</ssid>
    </image>
  <image>
    <ssid>22098249</ssid>
    </image>
  <image>
    <ssid>22098250</ssid>
    </image>
  <image>
    <ssid>22098251</ssid>
    </image>
  <image>
    <ssid>22098252</ssid>
    </image>
  <image>
    <ssid>22098253</ssid>
    </image>
  <image>
    <ssid>22098254</ssid>
    </image>
  <image>
    <ssid>22098255</ssid>
    </image>
  <image>
    <ssid>22098256</ssid>
    </image>
  <image>
    <ssid>22098257</ssid>
    </image>
  <image>
    <ssid>22098258</ssid>
    </image>
  <image>
    <ssid>22098259</ssid>
    </image>
  <image>
    <ssid>22098260</ssid>
    </image>
  <image>
    <ssid>22098261</ssid>
    </image>
  <image>
    <ssid>22098262</ssid>
    </image>
  <image>
    <ssid>22098263</ssid>
    </image>
  <image>
    <ssid>22098264</ssid>
    </image>
  <image>
    <ssid>21005307</ssid>
    </image>
  <image>
    <ssid>22098332</ssid>
    </image>
  <image>
    <ssid>22112324</ssid>
    </image>
  <image>
    <ssid>22345396</ssid>
    </image>
  <image>
    <ssid>22345399</ssid>
    </image>
  <image>
    <ssid>20892392</ssid>
    </image>
  <image>
    <ssid>22122082</ssid>
    </image>
  <image>
    <ssid>22122085</ssid>
    </image>
  <image>
    <ssid>22122086</ssid>
    </image>
  <image>
    <ssid>20900142</ssid>
    </image>
  <image>
    <ssid>22112328</ssid>
    </image>
  <image>
    <ssid>22557249</ssid>
    </image>
  <image>
    <ssid>26617748</ssid>
    <imageUrl>https://stor.artstor.org/iiif/2019/10/21/12/2afe81fa-f482-469b-a9a4-ecdf9a9eba91_deflate.tif/info.json</imageUrl>
  </image>
  <image>
    <ssid>26020901</ssid>
    <imageUrl>https://stor.artstor.org/iiif/2019/08/26/15/9f2e30d9-ae8f-4013-9879-f5d5d78ab49b_deflate.tif/info.json</imageUrl>
  </image>
  <image>
    <ssid>26020900</ssid>
    <imageUrl>https://stor.artstor.org/iiif/2019/08/26/15/2563df02-8278-4dad-a52a-74fb4e5f1371_deflate.tif/info.json</imageUrl>
  </image>
  <image>
    <ssid>22902991</ssid>
    </image>
  <image>
    <ssid>26013046</ssid>
    <imageUrl>https://stor.artstor.org/iiif/2019/08/22/19/8c28e281-c819-4ec7-8069-2e4b51e37595_deflate.tif/info.json</imageUrl>
  </image>
  <image>
    <ssid>26153941</ssid>
    <imageUrl>https://stor.artstor.org/iiif/2019/08/29/20/9a0e6bec-9e24-48d7-b25b-6fa285e32169_deflate.tif/info.json</imageUrl>
  </image>
  <image>
    <ssid>26153947</ssid>
    <imageUrl>https://stor.artstor.org/iiif/2019/08/29/20/631a1a35-c622-48be-b72d-2945ca80f439_deflate.tif/info.json</imageUrl>
  </image>
  <image>
    <ssid>22112375</ssid>
    </image>
  <image>
    <ssid>26153929</ssid>
    <imageUrl>https://stor.artstor.org/iiif/2019/08/29/20/d543da7f-a891-4191-a0ae-b8207c4f92e2_deflate.tif/info.json</imageUrl>
  </image>
  <image>
    <ssid>22098343</ssid>
    </image>
  <image>
    <ssid>21008439</ssid>
    </image>
  <image>
    <ssid>22339960</ssid>
    </image>
  <image>
    <ssid>22339961</ssid>
    </image>
  <image>
    <ssid>22112366</ssid>
    </image>
  <image>
    <ssid>22964256</ssid>
    </image>
  <image>
    <ssid>26208027</ssid>
    <imageUrl>https://stor.artstor.org/iiif/2019/09/09/14/f3f1e54a-259f-4716-b781-a3861b36418b_deflate.tif/info.json</imageUrl>
  </image>
  <image>
    <ssid>22557248</ssid>
    </image>
  <image>
    <ssid>26013022</ssid>
    <imageUrl>https://stor.artstor.org/iiif/2019/08/22/19/dc1f5f15-71df-489d-8df5-5baf6a59b04b_deflate.tif/info.json</imageUrl>
  </image>
  <image>
    <ssid>26013023</ssid>
    <imageUrl>https://stor.artstor.org/iiif/2019/08/22/19/1bf3b10c-ff13-46c0-a033-fcf0d31f7718_deflate.tif/info.json</imageUrl>
  </image>
  <image>
    <ssid>26013024</ssid>
    <imageUrl>https://stor.artstor.org/iiif/2019/08/22/19/216ed542-2672-4945-8e0f-1d2b06dd9e37_deflate.tif/info.json</imageUrl>
  </image>
  <image>
    <ssid>22570551</ssid>
    </image>
  <image>
    <ssid>22570552</ssid>
    </image>
  <image>
    <ssid>22486600</ssid>
    </image>
  <image>
    <ssid>20926832</ssid>
    </image>
  <image>
    <ssid>21005319</ssid>
    </image>
  <image>
    <ssid>21005320</ssid>
    </image>
  <image>
    <ssid>21005321</ssid>
    </image>
  <image>
    <ssid>21005322</ssid>
    </image>
  <image>
    <ssid>21008450</ssid>
    </image>
  <image>
    <ssid>21008451</ssid>
    </image>
  <image>
    <ssid>21008452</ssid>
    </image>
  <image>
    <ssid>21008453</ssid>
    </image>
  <image>
    <ssid>21008454</ssid>
    </image>
  <image>
    <ssid>21008455</ssid>
    </image>
  <image>
    <ssid>21008456</ssid>
    </image>
  <image>
    <ssid>21008457</ssid>
    </image>
  <image>
    <ssid>21008458</ssid>
    </image>
  <image>
    <ssid>21008459</ssid>
    </image>
  <image>
    <ssid>20926211</ssid>
    </image>
  <image>
    <ssid>22112349</ssid>
    </image>
  <image>
    <ssid>21008460</ssid>
    </image>
  <image>
    <ssid>21008461</ssid>
    </image>
  <image>
    <ssid>21008462</ssid>
    </image>
  <image>
    <ssid>21008463</ssid>
    </image>
  <image>
    <ssid>21008464</ssid>
    </image>
  <image>
    <ssid>20926830</ssid>
    </image>
  <image>
    <ssid>22098236</ssid>
    </image>
  <image>
    <ssid>22098237</ssid>
    </image>
  <image>
    <ssid>20926212</ssid>
    </image>
  <image>
    <ssid>20926217</ssid>
    </image>
  <image>
    <ssid>20926223</ssid>
    </image>
  <image>
    <ssid>20925678</ssid>
    </image>
  <image>
    <ssid>20926221</ssid>
    </image>
  <image>
    <ssid>22112387</ssid>
    </image>
  <image>
    <ssid>22112388</ssid>
    </image>
  <image>
    <ssid>22112389</ssid>
    </image>
  <image>
    <ssid>22112390</ssid>
    </image>
  <image>
    <ssid>22112391</ssid>
    </image>
  <image>
    <ssid>22112392</ssid>
    </image>
  <image>
    <ssid>22112393</ssid>
    </image>
  <image>
    <ssid>22112394</ssid>
    </image>
  <image>
    <ssid>20403512</ssid>
    </image>
  <image>
    <ssid>20403513</ssid>
    </image>
  <image>
    <ssid>20403514</ssid>
    </image>
  <image>
    <ssid>20403515</ssid>
    </image>
  <image>
    <ssid>20403516</ssid>
    </image>
  <image>
    <ssid>20403517</ssid>
    </image>
  <image>
    <ssid>26013043</ssid>
    <imageUrl>https://stor.artstor.org/iiif/2019/08/22/19/e4be91c9-5165-4c16-b68e-43893febd190_deflate.tif/info.json</imageUrl>
  </image>
  <image>
    <ssid>26020906</ssid>
    <imageUrl>https://stor.artstor.org/iiif/2019/08/26/15/bb44e83d-eb8c-4285-9c34-40d3ce65d6a1_deflate.tif/info.json</imageUrl>
  </image>
  <image>
    <ssid>22570544</ssid>
    </image>
  <image>
    <ssid>22965881</ssid>
    </image>
  <image>
    <ssid>20925981</ssid>
    </image>
  <image>
    <ssid>20925992</ssid>
    </image>
  <image>
    <ssid>22124689</ssid>
    </image>
  <image>
    <ssid>26020905</ssid>
    <imageUrl>https://stor.artstor.org/iiif/2019/08/26/15/d6e96bca-8cf2-405e-a19f-44de2b920898_deflate.tif/info.json</imageUrl>
  </image>
  <image>
    <ssid>20892369</ssid>
    </image>
  <image>
    <ssid>22122071</ssid>
    </image>
  <image>
    <ssid>20926218</ssid>
    </image>
  <image>
    <ssid>20926220</ssid>
    </image>
  <image>
    <ssid>22098299</ssid>
    </image>
  <image>
    <ssid>22098300</ssid>
    </image>
  <image>
    <ssid>22098301</ssid>
    </image>
  <image>
    <ssid>22098277</ssid>
    </image>
  <image>
    <ssid>22098298</ssid>
    </image>
  <image>
    <ssid>22112378</ssid>
    </image>
  <image>
    <ssid>22124701</ssid>
    </image>
  <image>
    <ssid>22965868</ssid>
    </image>
  <image>
    <ssid>22112381</ssid>
    </image>
  <image>
    <ssid>22112382</ssid>
    </image>
  <image>
    <ssid>22112383</ssid>
    </image>
  <image>
    <ssid>22112384</ssid>
    </image>
  <image>
    <ssid>22112385</ssid>
    </image>
  <image>
    <ssid>22112386</ssid>
    </image>
  <image>
    <ssid>21544496</ssid>
    </image>
  <image>
    <ssid>21544497</ssid>
    </image>
  <image>
    <ssid>21544498</ssid>
    </image>
  <image>
    <ssid>21544499</ssid>
    </image>
  <image>
    <ssid>20900153</ssid>
    </image>
  <image>
    <ssid>22098326</ssid>
    </image>
  <image>
    <ssid>22098328</ssid>
    </image>
  <image>
    <ssid>22098330</ssid>
    </image>
  <image>
    <ssid>21004720</ssid>
    </image>
  <image>
    <ssid>21004721</ssid>
    </image>
  <image>
    <ssid>21004722</ssid>
    </image>
  <image>
    <ssid>21004723</ssid>
    </image>
  <image>
    <ssid>22146573</ssid>
    </image>
  <image>
    <ssid>22146574</ssid>
    </image>
  <image>
    <ssid>22119529</ssid>
    </image>
  <image>
    <ssid>22119530</ssid>
    </image>
  <image>
    <ssid>22119531</ssid>
    </image>
  <image>
    <ssid>22119532</ssid>
    </image>
  <image>
    <ssid>22119533</ssid>
    </image>
  <image>
    <ssid>22345404</ssid>
    </image>
  <image>
    <ssid>22345405</ssid>
    </image>
  <image>
    <ssid>22345406</ssid>
    </image>
  <image>
    <ssid>22345395</ssid>
    </image>
  <image>
    <ssid>21005324</ssid>
    </image>
  <image>
    <ssid>22112347</ssid>
    </image>
  <image>
    <ssid>22124687</ssid>
    </image>
  <image>
    <ssid>22098354</ssid>
    </image>
  <image>
    <ssid>22098359</ssid>
    </image>
  <image>
    <ssid>22098360</ssid>
    </image>
  <image>
    <ssid>22098361</ssid>
    </image>
  <image>
    <ssid>22098363</ssid>
    </image>
  <image>
    <ssid>22098364</ssid>
    </image>
  <image>
    <ssid>22098365</ssid>
    </image>
  <image>
    <ssid>22098371</ssid>
    </image>
  <image>
    <ssid>22098374</ssid>
    </image>
  <image>
    <ssid>22124691</ssid>
    </image>
  <image>
    <ssid>22119528</ssid>
    </image>
  <image>
    <ssid>21005325</ssid>
    </image>
  <image>
    <ssid>21005326</ssid>
    </image>
  <image>
    <ssid>21731971</ssid>
    </image>
  <image>
    <ssid>21731972</ssid>
    </image>
  <image>
    <ssid>21731973</ssid>
    </image>
  <image>
    <ssid>21731974</ssid>
    </image>
  <image>
    <ssid>21731975</ssid>
    </image>
  <image>
    <ssid>20925684</ssid>
    </image>
  <image>
    <ssid>20925685</ssid>
    </image>
  <image>
    <ssid>20925686</ssid>
    </image>
  <image>
    <ssid>20926825</ssid>
    </image>
  <image>
    <ssid>22124681</ssid>
    </image>
  <image>
    <ssid>22124684</ssid>
    </image>
  <image>
    <ssid>20892382</ssid>
    </image>
  <image>
    <ssid>20892383</ssid>
    </image>
  <image>
    <ssid>20892384</ssid>
    </image>
  <image>
    <ssid>20892385</ssid>
    </image>
  <image>
    <ssid>20892386</ssid>
    </image>
  <image>
    <ssid>21004726</ssid>
    </image>
  <image>
    <ssid>21004727</ssid>
    </image>
  <image>
    <ssid>21004728</ssid>
    </image>
  <image>
    <ssid>22782676</ssid>
    </image>
  <image>
    <ssid>22782677</ssid>
    </image>
  <image>
    <ssid>22782678</ssid>
    </image>
  <image>
    <ssid>22782679</ssid>
    </image>
  <image>
    <ssid>22782680</ssid>
    </image>
  <image>
    <ssid>20443024</ssid>
    </image>
  <image>
    <ssid>20443025</ssid>
    </image>
  <image>
    <ssid>20443026</ssid>
    </image>
  <image>
    <ssid>20443027</ssid>
    </image>
  <image>
    <ssid>20443028</ssid>
    </image>
  <image>
    <ssid>20443029</ssid>
    </image>
  <image>
    <ssid>20443030</ssid>
    </image>
  <image>
    <ssid>20443031</ssid>
    </image>
  <image>
    <ssid>20443032</ssid>
    </image>
  <image>
    <ssid>26020911</ssid>
    <imageUrl>https://stor.artstor.org/iiif/2019/08/26/15/c86927dc-f480-41b9-869b-52bbb97cffb4_deflate.tif/info.json</imageUrl>
  </image>
  <image>
    <ssid>20481003</ssid>
    </image>
  <image>
    <ssid>20481004</ssid>
    </image>
  <image>
    <ssid>20481005</ssid>
    </image>
  <image>
    <ssid>20481006</ssid>
    </image>
  <image>
    <ssid>20481007</ssid>
    </image>
  <image>
    <ssid>20481008</ssid>
    </image>
  <image>
    <ssid>20481009</ssid>
    </image>
  <image>
    <ssid>20481010</ssid>
    </image>
  <image>
    <ssid>20481011</ssid>
    </image>
  <image>
    <ssid>20481012</ssid>
    </image>
  <image>
    <ssid>20481013</ssid>
    </image>
  <image>
    <ssid>20481014</ssid>
    </image>
  <image>
    <ssid>20481015</ssid>
    </image>
  <image>
    <ssid>20481016</ssid>
    </image>
  <image>
    <ssid>20481017</ssid>
    </image>
  <image>
    <ssid>20481018</ssid>
    </image>
  <image>
    <ssid>20481023</ssid>
    </image>
  <image>
    <ssid>20481019</ssid>
    </image>
  <image>
    <ssid>20481020</ssid>
    </image>
  <image>
    <ssid>20481021</ssid>
    </image>
  <image>
    <ssid>20481022</ssid>
    </image>
  <image>
    <ssid>22112364</ssid>
    </image>
  <image>
    <ssid>22112365</ssid>
    </image>
  <image>
    <ssid>22293281</ssid>
    </image>
  <image>
    <ssid>22570537</ssid>
    </image>
  <image>
    <ssid>20616147</ssid>
    </image>
  <image>
    <ssid>22098302</ssid>
    </image>
  <image>
    <ssid>20926006</ssid>
    </image>
  <image>
    <ssid>22112335</ssid>
    </image>
  <image>
    <ssid>22112367</ssid>
    </image>
  <image>
    <ssid>20926467</ssid>
    </image>
  <image>
    <ssid>20929558</ssid>
    </image>
  <image>
    <ssid>22112333</ssid>
    </image>
  <image>
    <ssid>22782686</ssid>
    </image>
  <image>
    <ssid>22782687</ssid>
    </image>
  <image>
    <ssid>22119502</ssid>
    </image>
  <image>
    <ssid>22964243</ssid>
    </image>
  <image>
    <ssid>22964244</ssid>
    </image>
  <image>
    <ssid>22964245</ssid>
    </image>
  <image>
    <ssid>22964246</ssid>
    </image>
  <image>
    <ssid>22964247</ssid>
    </image>
  <image>
    <ssid>22293292</ssid>
    </image>
  <image>
    <ssid>22964259</ssid>
    </image>
  <image>
    <ssid>20926465</ssid>
    </image>
  <image>
    <ssid>20926466</ssid>
    </image>
  <image>
    <ssid>22112319</ssid>
    </image>
  <image>
    <ssid>22112320</ssid>
    </image>
  <image>
    <ssid>22112323</ssid>
    </image>
  <image>
    <ssid>20900140</ssid>
    </image>
  <image>
    <ssid>20900141</ssid>
    </image>
  <image>
    <ssid>20892379</ssid>
    </image>
  <image>
    <ssid>20926826</ssid>
    </image>
  <image>
    <ssid>26182749</ssid>
    <imageUrl>https://stor.artstor.org/iiif/2019/09/05/14/bafdb90a-1c45-4325-b748-deb3cb827ffb_deflate.tif/info.json</imageUrl>
  </image>
  <image>
    <ssid>26617749</ssid>
    <imageUrl>https://stor.artstor.org/iiif/2019/10/21/12/2eda240d-5c96-47cf-976f-08597c996d4e_deflate.tif/info.json</imageUrl>
  </image>
  <image>
    <ssid>26617737</ssid>
    <imageUrl>https://stor.artstor.org/iiif/2019/10/21/12/4ddabe5c-b12b-4131-830b-d901480db7c2_deflate.tif/info.json</imageUrl>
  </image>
  <image>
    <ssid>26013018</ssid>
    <imageUrl>https://stor.artstor.org/iiif/2019/08/22/19/c68a9d76-c9d2-4664-9baa-52b3256f9cb8_deflate.tif/info.json</imageUrl>
  </image>
  <image>
    <ssid>26013045</ssid>
    <imageUrl>https://stor.artstor.org/iiif/2019/08/22/19/714f685b-44a5-40f4-9440-229beee90041_deflate.tif/info.json</imageUrl>
  </image>
  <image>
    <ssid>26020912</ssid>
    <imageUrl>https://stor.artstor.org/iiif/2019/08/26/15/6524082c-6422-4de8-aab1-2dbef3d3bea0_deflate.tif/info.json</imageUrl>
  </image>
  <image>
    <ssid>26020913</ssid>
    <imageUrl>https://stor.artstor.org/iiif/2019/08/26/15/30e7b74c-30f6-46aa-acca-0b8462302a43_deflate.tif/info.json</imageUrl>
  </image>
  <image>
    <ssid>26013028</ssid>
    <imageUrl>https://stor.artstor.org/iiif/2019/08/22/19/1d153ab5-78b7-4f22-a9cc-761d33f709e7_deflate.tif/info.json</imageUrl>
  </image>
  <image>
    <ssid>26013029</ssid>
    <imageUrl>https://stor.artstor.org/iiif/2019/08/22/19/da8077d4-b818-40c4-a831-911869a81b3c_deflate.tif/info.json</imageUrl>
  </image>
  <image>
    <ssid>26013031</ssid>
    <imageUrl>https://stor.artstor.org/iiif/2019/08/22/19/548afb10-5298-4e09-bbf9-23dfa27e79f6_deflate.tif/info.json</imageUrl>
  </image>
  <image>
    <ssid>26013037</ssid>
    <imageUrl>https://stor.artstor.org/iiif/2019/08/22/19/1cc17a66-b5a9-4737-b6d5-1a20194de4de_deflate.tif/info.json</imageUrl>
  </image>
  <image>
    <ssid>26013038</ssid>
    <imageUrl>https://stor.artstor.org/iiif/2019/08/22/19/f03ebaf2-ef9c-4d0f-91d0-59db726d8bcb_deflate.tif/info.json</imageUrl>
  </image>
  <image>
    <ssid>26208045</ssid>
    <imageUrl>https://stor.artstor.org/iiif/2019/09/09/14/7778cba9-568c-4d5a-8bec-557ffc32cf2e_deflate.tif/info.json</imageUrl>
  </image>
  <image>
    <ssid>26208046</ssid>
    <imageUrl>https://stor.artstor.org/iiif/2019/09/09/14/902cfea0-44e5-42b0-9d97-746cee956f7c_deflate.tif/info.json</imageUrl>
  </image>
  <image>
    <ssid>26568915</ssid>
    <imageUrl>https://stor.artstor.org/iiif/2019/10/11/17/ac1b4b60-b1ae-4c05-b41a-132080718958_deflate.tif/info.json</imageUrl>
  </image>
  <image>
    <ssid>26568916</ssid>
    <imageUrl>https://stor.artstor.org/iiif/2019/10/11/17/64a67716-6b0b-4407-819e-6b48c9e11237_deflate.tif/info.json</imageUrl>
  </image>
  <image>
    <ssid>26568917</ssid>
    <imageUrl>https://stor.artstor.org/iiif/2019/10/11/17/d827dcad-b814-4968-a8d9-966e562f778b_deflate.tif/info.json</imageUrl>
  </image>
  <image>
    <ssid>20926214</ssid>
    </image>
  <image>
    <ssid>20900151</ssid>
    </image>
  <image>
    <ssid>20926215</ssid>
    </image>
  <image>
    <ssid>20900152</ssid>
    </image>
  <image>
    <ssid>20900150</ssid>
    </image>
  <image>
    <ssid>20616087</ssid>
    </image>
  <image>
    <ssid>20616088</ssid>
    </image>
  <image>
    <ssid>20616089</ssid>
    </image>
  <image>
    <ssid>22403206</ssid>
    </image>
  <image>
    <ssid>22403207</ssid>
    </image>
  <image>
    <ssid>22403208</ssid>
    </image>
  <image>
    <ssid>22403209</ssid>
    </image>
  <image>
    <ssid>22403210</ssid>
    </image>
  <image>
    <ssid>22403211</ssid>
    </image>
  <image>
    <ssid>22403212</ssid>
    </image>
  <image>
    <ssid>22293285</ssid>
    </image>
  <image>
    <ssid>21731985</ssid>
    </image>
  <image>
    <ssid>22965860</ssid>
    </image>
  <image>
    <ssid>22119521</ssid>
    </image>
  <image>
    <ssid>22557235</ssid>
    </image>
  <image>
    <ssid>22557236</ssid>
    </image>
  <image>
    <ssid>22557237</ssid>
    </image>
  <image>
    <ssid>22557238</ssid>
    </image>
  <image>
    <ssid>22098338</ssid>
    </image>
  <image>
    <ssid>20926821</ssid>
    </image>
  <image>
    <ssid>22119522</ssid>
    </image>
  <image>
    <ssid>22119524</ssid>
    </image>
  <image>
    <ssid>22119525</ssid>
    </image>
  <image>
    <ssid>22119526</ssid>
    </image>
  <image>
    <ssid>22119527</ssid>
    </image>
  <image>
    <ssid>21005315</ssid>
    </image>
  <image>
    <ssid>21005330</ssid>
    </image>
  <image>
    <ssid>21005331</ssid>
    </image>
  <image>
    <ssid>22098305</ssid>
    </image>
  <image>
    <ssid>22764517</ssid>
    </image>
  <image>
    <ssid>22112336</ssid>
    </image>
  <image>
    <ssid>22112330</ssid>
    </image>
  <image>
    <ssid>22570546</ssid>
    </image>
  <image>
    <ssid>22965874</ssid>
    </image>
  <image>
    <ssid>22112345</ssid>
    </image>
  <image>
    <ssid>22112346</ssid>
    </image>
  <image>
    <ssid>22119541</ssid>
    </image>
  <image>
    <ssid>21004734</ssid>
    </image>
  <image>
    <ssid>20929974</ssid>
    </image>
  <image>
    <ssid>20929975</ssid>
    </image>
  <image>
    <ssid>20929976</ssid>
    </image>
  <image>
    <ssid>20929977</ssid>
    </image>
  <image>
    <ssid>22345403</ssid>
    </image>
  <image>
    <ssid>20929557</ssid>
    </image>
  <image>
    <ssid>26617751</ssid>
    <imageUrl>https://stor.artstor.org/iiif/2019/10/21/12/d2fd283e-e038-4dbe-94b9-2b555f865a71_deflate.tif/info.json</imageUrl>
  </image>
  <image>
    <ssid>20900149</ssid>
    </image>
  <image>
    <ssid>26182769</ssid>
    <imageUrl>https://stor.artstor.org/iiif/2019/09/05/14/defe0595-8f1e-457d-82b5-6a82a1e1407c_deflate.tif/info.json</imageUrl>
  </image>
  <image>
    <ssid>20522036</ssid>
    </image>
  <image>
    <ssid>20522037</ssid>
    </image>
  <image>
    <ssid>20522038</ssid>
    </image>
  <image>
    <ssid>20522039</ssid>
    </image>
  <image>
    <ssid>20522041</ssid>
    </image>
  <image>
    <ssid>20522042</ssid>
    </image>
  <image>
    <ssid>20522043</ssid>
    </image>
  <image>
    <ssid>20522044</ssid>
    </image>
  <image>
    <ssid>20522045</ssid>
    </image>
  <image>
    <ssid>20522046</ssid>
    </image>
  <image>
    <ssid>20522047</ssid>
    </image>
  <image>
    <ssid>20522048</ssid>
    </image>
  <image>
    <ssid>22339970</ssid>
    </image>
  <image>
    <ssid>22965854</ssid>
    </image>
  <image>
    <ssid>22965855</ssid>
    </image>
  <image>
    <ssid>22965856</ssid>
    </image>
  <image>
    <ssid>22146586</ssid>
    </image>
  <image>
    <ssid>22404748</ssid>
    </image>
  <image>
    <ssid>22404749</ssid>
    </image>
  <image>
    <ssid>26020922</ssid>
    <imageUrl>https://stor.artstor.org/iiif/2019/08/26/15/8e3b985a-0b1e-436e-8453-2c60b7d8375d_deflate.tif/info.json</imageUrl>
  </image>
  <image>
    <ssid>20616145</ssid>
    </image>
  <image>
    <ssid>20616146</ssid>
    </image>
  <image>
    <ssid>22965864</ssid>
    </image>
  <image>
    <ssid>22345407</ssid>
    </image>
  <image>
    <ssid>22345408</ssid>
    </image>
  <image>
    <ssid>22345409</ssid>
    </image>
  <image>
    <ssid>22345410</ssid>
    </image>
  <image>
    <ssid>22345411</ssid>
    </image>
  <image>
    <ssid>22345412</ssid>
    </image>
  <image>
    <ssid>22345413</ssid>
    </image>
  <image>
    <ssid>22119507</ssid>
    </image>
  <image>
    <ssid>26208024</ssid>
    <imageUrl>https://stor.artstor.org/iiif/2019/09/09/14/1434c218-b4c3-4a18-aefd-5dcc8702d2ec_deflate.tif/info.json</imageUrl>
  </image>
  <image>
    <ssid>20616143</ssid>
    </image>
  <image>
    <ssid>22764506</ssid>
    </image>
  <image>
    <ssid>22764507</ssid>
    </image>
  <image>
    <ssid>22764508</ssid>
    </image>
  <image>
    <ssid>22764509</ssid>
    </image>
  <image>
    <ssid>22764510</ssid>
    </image>
  <image>
    <ssid>22764511</ssid>
    </image>
  <image>
    <ssid>22764512</ssid>
    </image>
  <image>
    <ssid>22764513</ssid>
    </image>
  <image>
    <ssid>22764514</ssid>
    </image>
  <image>
    <ssid>22764515</ssid>
    </image>
  <image>
    <ssid>22764516</ssid>
    </image>
  <image>
    <ssid>22098306</ssid>
    </image>
  <image>
    <ssid>22098307</ssid>
    </image>
  <image>
    <ssid>22098308</ssid>
    </image>
  <image>
    <ssid>22098309</ssid>
    </image>
  <image>
    <ssid>22965875</ssid>
    </image>
  <image>
    <ssid>22293287</ssid>
    </image>
  <image>
    <ssid>21731969</ssid>
    </image>
  <image>
    <ssid>26020920</ssid>
    <imageUrl>https://stor.artstor.org/iiif/2019/08/26/15/1c5d0ffd-b8f0-4685-954d-8b05705874ae_deflate.tif/info.json</imageUrl>
  </image>
  <image>
    <ssid>26020921</ssid>
    <imageUrl>https://stor.artstor.org/iiif/2019/08/26/15/8808ab06-3563-49e5-b874-da425d6508dd_deflate.tif/info.json</imageUrl>
  </image>
  <image>
    <ssid>22112340</ssid>
    </image>
  <image>
    <ssid>22112341</ssid>
    </image>
  <image>
    <ssid>22112342</ssid>
    </image>
  <image>
    <ssid>22112343</ssid>
    </image>
  <image>
    <ssid>26208025</ssid>
    <imageUrl>https://stor.artstor.org/iiif/2019/09/09/14/b8a31995-8dc4-472f-abfd-4fd04a00ded7_deflate.tif/info.json</imageUrl>
  </image>
  <image>
    <ssid>26208026</ssid>
    <imageUrl>https://stor.artstor.org/iiif/2019/09/09/14/8e73fafe-3366-41e0-bc7c-6fcca9465d4e_deflate.tif/info.json</imageUrl>
  </image>
  <image>
    <ssid>22124700</ssid>
    </image>
  <image>
    <ssid>26568856</ssid>
    <imageUrl>https://stor.artstor.org/iiif/2019/10/11/15/67728492-4e5f-46fb-98d7-ce65e6f66800_deflate.tif/info.json</imageUrl>
  </image>
  <image>
    <ssid>22404757</ssid>
    </image>
  <image>
    <ssid>26568910</ssid>
    <imageUrl>https://stor.artstor.org/iiif/2019/10/11/17/c0ae489d-6895-4205-8398-e44acea5711f_deflate.tif/info.json</imageUrl>
  </image>
  <image>
    <ssid>22404517</ssid>
    </image>
  <image>
    <ssid>26568897</ssid>
    <imageUrl>https://stor.artstor.org/iiif/2019/10/11/16/61600d27-1b56-4d8c-9e2a-adf8d244338a_deflate.tif/info.json</imageUrl>
  </image>
  <image>
    <ssid>26153943</ssid>
    <imageUrl>https://stor.artstor.org/iiif/2019/08/29/20/a89fa9bf-ed13-450d-9758-373d088c8b76_deflate.tif/info.json</imageUrl>
  </image>
  <image>
    <ssid>22112332</ssid>
    </image>
  <image>
    <ssid>20929512</ssid>
    </image>
  <image>
    <ssid>20929513</ssid>
    </image>
  <image>
    <ssid>22404758</ssid>
    </image>
  <image>
    <ssid>22404759</ssid>
    </image>
  <image>
    <ssid>22404760</ssid>
    </image>
  <image>
    <ssid>22965866</ssid>
    </image>
  <image>
    <ssid>26020907</ssid>
    <imageUrl>https://stor.artstor.org/iiif/2019/08/26/15/2c2da24d-6c6f-4ca8-b9e4-4b9ad0a6b5af_deflate.tif/info.json</imageUrl>
  </image>
  <image>
    <ssid>20929509</ssid>
    </image>
  <image>
    <ssid>26020923</ssid>
    <imageUrl>https://stor.artstor.org/iiif/2019/08/26/15/843ee2bc-1391-4707-a6a2-3caa062d4991_deflate.tif/info.json</imageUrl>
  </image>
  <image>
    <ssid>20929510</ssid>
    </image>
  <image>
    <ssid>20926834</ssid>
    </image>
  <image>
    <ssid>26020919</ssid>
    <imageUrl>https://stor.artstor.org/iiif/2019/08/26/15/7ea3fcdc-e5af-4e44-bac8-487b67a778e8_deflate.tif/info.json</imageUrl>
  </image>
  <image>
    <ssid>26013021</ssid>
    <imageUrl>https://stor.artstor.org/iiif/2019/08/22/19/6fc48152-a099-49c2-9e79-551ef4add511_deflate.tif/info.json</imageUrl>
  </image>
  <image>
    <ssid>22098357</ssid>
    </image>
  <image>
    <ssid>22112395</ssid>
    </image>
  <image>
    <ssid>22557239</ssid>
    </image>
  <image>
    <ssid>22557240</ssid>
    </image>
  <image>
    <ssid>22557241</ssid>
    </image>
  <image>
    <ssid>22557242</ssid>
    </image>
  <image>
    <ssid>22557244</ssid>
    </image>
  <image>
    <ssid>22486598</ssid>
    </image>
  <image>
    <ssid>22486592</ssid>
    </image>
  <image>
    <ssid>22486593</ssid>
    </image>
  <image>
    <ssid>22486595</ssid>
    </image>
  <image>
    <ssid>22486596</ssid>
    </image>
  <image>
    <ssid>21544500</ssid>
    </image>
  <image>
    <ssid>21544501</ssid>
    </image>
  <image>
    <ssid>21544502</ssid>
    </image>
  <image>
    <ssid>21544503</ssid>
    </image>
  <image>
    <ssid>21544504</ssid>
    </image>
  <image>
    <ssid>20342017</ssid>
    </image>
  <image>
    <ssid>20342018</ssid>
    </image>
  <image>
    <ssid>20342019</ssid>
    </image>
  <image>
    <ssid>20342020</ssid>
    </image>
  <image>
    <ssid>20342021</ssid>
    </image>
  <image>
    <ssid>20342022</ssid>
    </image>
  <image>
    <ssid>20342023</ssid>
    </image>
  <image>
    <ssid>20342024</ssid>
    </image>
  <image>
    <ssid>20342025</ssid>
    </image>
  <image>
    <ssid>20342026</ssid>
    </image>
  <image>
    <ssid>20342027</ssid>
    </image>
  <image>
    <ssid>20342028</ssid>
    </image>
  <image>
    <ssid>20342029</ssid>
    </image>
  <image>
    <ssid>20342030</ssid>
    </image>
  <image>
    <ssid>20342031</ssid>
    </image>
  <image>
    <ssid>20342032</ssid>
    </image>
  <image>
    <ssid>20342033</ssid>
    </image>
  <image>
    <ssid>20342037</ssid>
    </image>
  <image>
    <ssid>20342038</ssid>
    </image>
  <image>
    <ssid>20342039</ssid>
    </image>
  <image>
    <ssid>20925679</ssid>
    </image>
  <image>
    <ssid>20925680</ssid>
    </image>
  <image>
    <ssid>22965892</ssid>
    </image>
  <image>
    <ssid>22124677</ssid>
    </image>
  <image>
    <ssid>22124678</ssid>
    </image>
  <image>
    <ssid>22124679</ssid>
    </image>
  <image>
    <ssid>26568901</ssid>
    <imageUrl>https://stor.artstor.org/iiif/2019/10/11/16/75ba12f5-f6b8-4e92-8118-03fbdaba6e8b_deflate.tif/info.json</imageUrl>
  </image>
  <image>
    <ssid>26568902</ssid>
    <imageUrl>https://stor.artstor.org/iiif/2019/10/11/16/08001a57-04ff-4c43-972c-37b339f1c647_deflate.tif/info.json</imageUrl>
  </image>
  <image>
    <ssid>26568898</ssid>
    <imageUrl>https://stor.artstor.org/iiif/2019/10/11/16/e4ce66ab-b656-48d9-a8d4-55f5a27ae18c_deflate.tif/info.json</imageUrl>
  </image>
  <image>
    <ssid>26568899</ssid>
    <imageUrl>https://stor.artstor.org/iiif/2019/10/11/16/c3b2b9eb-49d4-4494-abef-46d273938d16_deflate.tif/info.json</imageUrl>
  </image>
  <image>
    <ssid>26568900</ssid>
    <imageUrl>https://stor.artstor.org/iiif/2019/10/11/16/9b94dab9-6351-41f0-8564-517cd8982fbe_deflate.tif/info.json</imageUrl>
  </image>
  <image>
    <ssid>22486601</ssid>
    </image>
  <image>
    <ssid>22124683</ssid>
    </image>
  <image>
    <ssid>26182771</ssid>
    <imageUrl>https://stor.artstor.org/iiif/2019/09/05/14/afb034c6-0d5b-427a-816f-dcd122276fca_deflate.tif/info.json</imageUrl>
  </image>
  <image>
    <ssid>20433645</ssid>
    </image>
  <image>
    <ssid>20433646</ssid>
    </image>
  <image>
    <ssid>20433647</ssid>
    </image>
  <image>
    <ssid>20433648</ssid>
    </image>
  <image>
    <ssid>20433649</ssid>
    </image>
  <image>
    <ssid>20433650</ssid>
    </image>
  <image>
    <ssid>20433651</ssid>
    </image>
  <image>
    <ssid>22124682</ssid>
    </image>
  <image>
    <ssid>22782669</ssid>
    </image>
  <image>
    <ssid>22782670</ssid>
    </image>
  <image>
    <ssid>22965884</ssid>
    </image>
  <image>
    <ssid>22965882</ssid>
    </image>
  <image>
    <ssid>26020902</ssid>
    <imageUrl>https://stor.artstor.org/iiif/2019/08/26/15/fd3b975b-a696-4fe1-9032-dea64156e1a8_deflate.tif/info.json</imageUrl>
  </image>
  <image>
    <ssid>20929550</ssid>
    </image>
  <image>
    <ssid>20929551</ssid>
    </image>
  <image>
    <ssid>20929552</ssid>
    </image>
  <image>
    <ssid>20929553</ssid>
    </image>
  <image>
    <ssid>20929554</ssid>
    </image>
  <image>
    <ssid>20929555</ssid>
    </image>
  <image>
    <ssid>20929559</ssid>
    </image>
  <image>
    <ssid>22112373</ssid>
    </image>
  <image>
    <ssid>26153942</ssid>
    <imageUrl>https://stor.artstor.org/iiif/2019/08/29/20/90020005-979d-4c92-84e0-eacb61a1f121_deflate.tif/info.json</imageUrl>
  </image>
  <image>
    <ssid>21241629</ssid>
    </image>
  <image>
    <ssid>22124685</ssid>
    </image>
  <image>
    <ssid>22098324</ssid>
    </image>
  <image>
    <ssid>26182777</ssid>
    <imageUrl>https://stor.artstor.org/iiif/2019/09/05/14/9f1ba210-9dce-4f81-ae58-dbda5b9c6ba2_deflate.tif/info.json</imageUrl>
  </image>
  <image>
    <ssid>20929978</ssid>
    </image>
  <image>
    <ssid>20929979</ssid>
    </image>
  <image>
    <ssid>20929980</ssid>
    </image>
  <image>
    <ssid>20929981</ssid>
    </image>
  <image>
    <ssid>20926831</ssid>
    </image>
  <image>
    <ssid>22345401</ssid>
    </image>
  <image>
    <ssid>26617733</ssid>
    <imageUrl>https://stor.artstor.org/iiif/2019/10/21/12/ad13ef03-8f17-4007-a7df-dc66f5a2ffa7_deflate.tif/info.json</imageUrl>
  </image>
  <image>
    <ssid>26617734</ssid>
    <imageUrl>https://stor.artstor.org/iiif/2019/10/21/12/9ee1f4c7-e23f-4041-96ce-ca9656ec0315_deflate.tif/info.json</imageUrl>
  </image>
  <image>
    <ssid>22119534</ssid>
    </image>
  <image>
    <ssid>26182736</ssid>
    <imageUrl>https://stor.artstor.org/iiif/2019/09/05/14/9fc6b004-0fc8-4a34-8044-22ec4c752a77_deflate.tif/info.json</imageUrl>
  </image>
  <image>
    <ssid>21731977</ssid>
    </image>
  <image>
    <ssid>21731978</ssid>
    </image>
  <image>
    <ssid>20929560</ssid>
    </image>
  <image>
    <ssid>22965869</ssid>
    </image>
  <image>
    <ssid>26020904</ssid>
    <imageUrl>https://stor.artstor.org/iiif/2019/08/26/15/09a025da-0a9c-4da2-99e3-5496e2c10ddd_deflate.tif/info.json</imageUrl>
  </image>
  <image>
    <ssid>26020903</ssid>
    <imageUrl>https://stor.artstor.org/iiif/2019/08/26/15/5a00228c-773f-444c-b540-2c7c138cbbbc_deflate.tif/info.json</imageUrl>
  </image>
  <image>
    <ssid>21731976</ssid>
    </image>
  <image>
    <ssid>21731979</ssid>
    </image>
  <image>
    <ssid>21005305</ssid>
    </image>
  <image>
    <ssid>20926229</ssid>
    </image>
  <image>
    <ssid>20926227</ssid>
    </image>
  <image>
    <ssid>20926230</ssid>
    </image>
  <image>
    <ssid>20926232</ssid>
    </image>
  <image>
    <ssid>26617755</ssid>
    <imageUrl>https://stor.artstor.org/iiif/2019/10/21/12/585540d3-5b0a-47c6-93d0-e54929c02693_deflate.tif/info.json</imageUrl>
  </image>
  <image>
    <ssid>22122094</ssid>
    </image>
  <image>
    <ssid>22119516</ssid>
    </image>
  <image>
    <ssid>22119517</ssid>
    </image>
  <image>
    <ssid>22119518</ssid>
    </image>
  <image>
    <ssid>20925998</ssid>
    </image>
  <image>
    <ssid>22124694</ssid>
    </image>
  <image>
    <ssid>22965863</ssid>
    </image>
  <image>
    <ssid>22965885</ssid>
    </image>
  <image>
    <ssid>22965893</ssid>
    </image>
  <image>
    <ssid>22098304</ssid>
    </image>
  <image>
    <ssid>22098373</ssid>
    </image>
  <image>
    <ssid>21241627</ssid>
    </image>
  <image>
    <ssid>22122068</ssid>
    </image>
  <image>
    <ssid>22782681</ssid>
    </image>
  <image>
    <ssid>21241631</ssid>
    </image>
  <image>
    <ssid>22119540</ssid>
    </image>
  <image>
    <ssid>26013016</ssid>
    <imageUrl>https://stor.artstor.org/iiif/2019/08/22/19/9ecfa126-9a94-4ef6-a63f-2f17dad1768b_deflate.tif/info.json</imageUrl>
  </image>
  <image>
    <ssid>26182775</ssid>
    <imageUrl>https://stor.artstor.org/iiif/2019/09/05/14/2fe7ed42-bf0f-4c7e-9424-c99627ffa88d_deflate.tif/info.json</imageUrl>
  </image>
  <image>
    <ssid>26568907</ssid>
    <imageUrl>https://stor.artstor.org/iiif/2019/10/11/17/2fc2b5da-bdbb-4d37-ab78-897d0f46665b_deflate.tif/info.json</imageUrl>
  </image>
  <image>
    <ssid>20925677</ssid>
    </image>
  <image>
    <ssid>22112348</ssid>
    </image>
  <image>
    <ssid>26153919</ssid>
    <imageUrl>https://stor.artstor.org/iiif/2019/08/29/20/e0a67d62-07da-4347-b180-88049a3e50ee_deflate.tif/info.json</imageUrl>
  </image>
  <image>
    <ssid>26153920</ssid>
    <imageUrl>https://stor.artstor.org/iiif/2019/08/29/20/77f6bd0a-32ad-4add-a3a6-58f3b0db08b5_deflate.tif/info.json</imageUrl>
  </image>
  <image>
    <ssid>26020899</ssid>
    <imageUrl>https://stor.artstor.org/iiif/2019/08/26/15/7441cff0-3fc6-407c-843e-32a13bbcbfd8_deflate.tif/info.json</imageUrl>
  </image>
  <image>
    <ssid>21008440</ssid>
    </image>
  <image>
    <ssid>26568904</ssid>
    <imageUrl>https://stor.artstor.org/iiif/2019/10/11/17/c9a08d5a-4779-438f-996e-c841871cfe45_deflate.tif/info.json</imageUrl>
  </image>
  <image>
    <ssid>26568905</ssid>
    <imageUrl>https://stor.artstor.org/iiif/2019/10/11/17/2f80c41c-67ac-4e25-9a6f-afdabd0a00da_deflate.tif/info.json</imageUrl>
  </image>
  <image>
    <ssid>26568918</ssid>
    <imageUrl>https://stor.artstor.org/iiif/2019/10/11/17/9680eef3-8862-44c4-bce6-ec67f8bfcf99_deflate.tif/info.json</imageUrl>
  </image>
  <image>
    <ssid>22293276</ssid>
    </image>
  <image>
    <ssid>22293277</ssid>
    </image>
  <image>
    <ssid>22293278</ssid>
    </image>
  <image>
    <ssid>22293279</ssid>
    </image>
  <image>
    <ssid>26568863</ssid>
    <imageUrl>https://stor.artstor.org/iiif/2019/10/11/15/847d55dc-56e3-4790-8952-8d9fcddc5799_deflate.tif/info.json</imageUrl>
  </image>
  <image>
    <ssid>22965859</ssid>
    </image>
  <image>
    <ssid>21241623</ssid>
    </image>
  <image>
    <ssid>21241624</ssid>
    </image>
  <image>
    <ssid>21241633</ssid>
    </image>
  <image>
    <ssid>26153921</ssid>
    <imageUrl>https://stor.artstor.org/iiif/2019/08/29/20/50f43daf-82ba-4b1f-bc94-90da966c3d4b_deflate.tif/info.json</imageUrl>
  </image>
  <image>
    <ssid>26153922</ssid>
    <imageUrl>https://stor.artstor.org/iiif/2019/08/29/20/1f7cb152-15d2-4059-a93a-18be24a0e571_deflate.tif/info.json</imageUrl>
  </image>
  <image>
    <ssid>26153923</ssid>
    <imageUrl>https://stor.artstor.org/iiif/2019/08/29/20/53c06c57-6150-4e05-9ba5-7d4ad246ecc8_deflate.tif/info.json</imageUrl>
  </image>
  <image>
    <ssid>26153924</ssid>
    <imageUrl>https://stor.artstor.org/iiif/2019/08/29/20/f441ba7e-7c75-45a2-8abf-ef1a919694ce_deflate.tif/info.json</imageUrl>
  </image>
  <image>
    <ssid>22112337</ssid>
    </image>
  <image>
    <ssid>21008436</ssid>
    </image>
  <image>
    <ssid>22293273</ssid>
    </image>
  <image>
    <ssid>22293274</ssid>
    </image>
  <image>
    <ssid>26153938</ssid>
    <imageUrl>https://stor.artstor.org/iiif/2019/08/29/20/56605865-4bae-4bac-b26b-7cab7a2ff623_deflate.tif/info.json</imageUrl>
  </image>
  <image>
    <ssid>22764520</ssid>
    </image>
  <image>
    <ssid>22764521</ssid>
    </image>
  <image>
    <ssid>21004733</ssid>
    </image>
  <image>
    <ssid>21004735</ssid>
    </image>
  <image>
    <ssid>22146581</ssid>
    </image>
  <image>
    <ssid>22146582</ssid>
    </image>
  <image>
    <ssid>20522040</ssid>
    </image>
  <image>
    <ssid>26153936</ssid>
    <imageUrl>https://stor.artstor.org/iiif/2019/08/29/20/32154423-b44e-4d30-ac24-e9a3d67b71ee_deflate.tif/info.json</imageUrl>
  </image>
  <image>
    <ssid>26153935</ssid>
    <imageUrl>https://stor.artstor.org/iiif/2019/08/29/20/2d8d3df0-cad7-4585-8001-a00f7fa37268_deflate.tif/info.json</imageUrl>
  </image>
  <image>
    <ssid>20616137</ssid>
    </image>
  <image>
    <ssid>26617736</ssid>
    <imageUrl>https://stor.artstor.org/iiif/2019/10/21/12/ec723cf2-fec3-45a0-9e41-2de155d4f5cf_deflate.tif/info.json</imageUrl>
  </image>
  <image>
    <ssid>26617738</ssid>
    <imageUrl>https://stor.artstor.org/iiif/2019/10/21/12/159c6665-7f40-44c9-be69-7205c948b3dd_deflate.tif/info.json</imageUrl>
  </image>
  <image>
    <ssid>26617739</ssid>
    <imageUrl>https://stor.artstor.org/iiif/2019/10/21/12/d63d2828-066a-462a-85d8-73baccfb7399_deflate.tif/info.json</imageUrl>
  </image>
  <image>
    <ssid>26617740</ssid>
    <imageUrl>https://stor.artstor.org/iiif/2019/10/21/12/d131c209-2bc5-4143-bf7c-95de4971dfc9_deflate.tif/info.json</imageUrl>
  </image>
  <image>
    <ssid>26617741</ssid>
    <imageUrl>https://stor.artstor.org/iiif/2019/10/21/12/d8cf6f13-e184-4e6f-a1a7-3c0dbf31285e_deflate.tif/info.json</imageUrl>
  </image>
  <image>
    <ssid>26617742</ssid>
    <imageUrl>https://stor.artstor.org/iiif/2019/10/21/12/ab741c1e-07b9-4620-9c1f-837f996cd2a5_deflate.tif/info.json</imageUrl>
  </image>
  <image>
    <ssid>26617743</ssid>
    <imageUrl>https://stor.artstor.org/iiif/2019/10/21/12/f0e6d445-bff9-40b7-b379-f64eaa1241f7_deflate.tif/info.json</imageUrl>
  </image>
  <image>
    <ssid>26617744</ssid>
    <imageUrl>https://stor.artstor.org/iiif/2019/10/21/12/fbba045e-0372-49b9-9f55-6bacabab310d_deflate.tif/info.json</imageUrl>
  </image>
  <image>
    <ssid>20926824</ssid>
    </image>
  <image>
    <ssid>20926456</ssid>
    </image>
  <image>
    <ssid>22098243</ssid>
    </image>
  <image>
    <ssid>22404518</ssid>
    </image>
  <image>
    <ssid>22404522</ssid>
    </image>
  <image>
    <ssid>26568908</ssid>
    <imageUrl>https://stor.artstor.org/iiif/2019/10/11/17/ebc771de-8289-4e74-b1c4-595041a41de2_deflate.tif/info.json</imageUrl>
  </image>
  <image>
    <ssid>22557245</ssid>
    </image>
  <image>
    <ssid>22557246</ssid>
    </image>
  <image>
    <ssid>26182710</ssid>
    <imageUrl>https://stor.artstor.org/iiif/2019/09/05/14/ed694d7d-b207-4263-80cd-d8a2c046527d_deflate.tif/info.json</imageUrl>
  </image>
  <image>
    <ssid>26182713</ssid>
    <imageUrl>https://stor.artstor.org/iiif/2019/09/05/14/d096c64c-cd30-41c8-9a09-5e032dfdf456_deflate.tif/info.json</imageUrl>
  </image>
  <image>
    <ssid>26013019</ssid>
    <imageUrl>https://stor.artstor.org/iiif/2019/08/22/19/b9381a37-4cb5-48f5-94e0-369f4af12d17_deflate.tif/info.json</imageUrl>
  </image>
  <image>
    <ssid>26153944</ssid>
    <imageUrl>https://stor.artstor.org/iiif/2019/08/29/20/9ed7d10c-8991-4fa5-9601-1afa8bbe7ae9_deflate.tif/info.json</imageUrl>
  </image>
  <image>
    <ssid>26153945</ssid>
    <imageUrl>https://stor.artstor.org/iiif/2019/08/29/20/2d6791db-0a6b-46d4-b1ad-76ebdd2d69ba_deflate.tif/info.json</imageUrl>
  </image>
  <image>
    <ssid>26153946</ssid>
    <imageUrl>https://stor.artstor.org/iiif/2019/08/29/20/bd4f6b05-e502-4cdb-a6a2-58aae80f3aaf_deflate.tif/info.json</imageUrl>
  </image>
  <image>
    <ssid>26182717</ssid>
    <imageUrl>https://stor.artstor.org/iiif/2019/09/05/14/c8f3a125-aebf-4fd3-aaf6-9dfbfb022f7f_deflate.tif/info.json</imageUrl>
  </image>
  <image>
    <ssid>26182719</ssid>
    <imageUrl>https://stor.artstor.org/iiif/2019/09/05/14/c6fb93ae-230b-427c-9ca2-51481edd86df_deflate.tif/info.json</imageUrl>
  </image>
  <image>
    <ssid>26182707</ssid>
    <imageUrl>https://stor.artstor.org/iiif/2019/09/05/14/3b11d59f-5652-46e9-a2bb-fa06a89b275a_deflate.tif/info.json</imageUrl>
  </image>
  <image>
    <ssid>20926835</ssid>
    </image>
  <image>
    <ssid>20926836</ssid>
    </image>
  <image>
    <ssid>22122099</ssid>
    </image>
  <image>
    <ssid>26182773</ssid>
    <imageUrl>https://stor.artstor.org/iiif/2019/09/05/14/35bfaf4b-6239-4d85-a0ea-8a88f73a49a2_deflate.tif/info.json</imageUrl>
  </image>
  <image>
    <ssid>22965879</ssid>
    </image>
  <image>
    <ssid>21005316</ssid>
    </image>
  <image>
    <ssid>21005317</ssid>
    </image>
  <image>
    <ssid>21005318</ssid>
    </image>
  <image>
    <ssid>21008441</ssid>
    </image>
  <image>
    <ssid>21008442</ssid>
    </image>
  <image>
    <ssid>21008443</ssid>
    </image>
  <image>
    <ssid>21008444</ssid>
    </image>
  <image>
    <ssid>21008445</ssid>
    </image>
  <image>
    <ssid>21008446</ssid>
    </image>
  <image>
    <ssid>21008447</ssid>
    </image>
  <image>
    <ssid>21008448</ssid>
    </image>
  <image>
    <ssid>21008449</ssid>
    </image>
  <image>
    <ssid>20926827</ssid>
    </image>
  <image>
    <ssid>20926828</ssid>
    </image>
  <image>
    <ssid>22124680</ssid>
    </image>
  <image>
    <ssid>26617730</ssid>
    <imageUrl>https://stor.artstor.org/iiif/2019/10/21/12/fae585f6-8cd9-4162-a5ae-d85d604ae94c_deflate.tif/info.json</imageUrl>
  </image>
  <image>
    <ssid>26617731</ssid>
    <imageUrl>https://stor.artstor.org/iiif/2019/10/21/12/e7a6d91d-7852-49c3-9bcb-110c790fb680_deflate.tif/info.json</imageUrl>
  </image>
  <image>
    <ssid>26617732</ssid>
    <imageUrl>https://stor.artstor.org/iiif/2019/10/21/12/715a48f8-4f35-4bfd-9c6b-b968abc3a954_deflate.tif/info.json</imageUrl>
  </image>
  <image>
    <ssid>26617754</ssid>
    <imageUrl>https://stor.artstor.org/iiif/2019/10/21/12/00ba2706-9c4e-4441-91ef-f77497f25dc4_deflate.tif/info.json</imageUrl>
  </image>
  <image>
    <ssid>22124688</ssid>
    </image>
  <image>
    <ssid>20892372</ssid>
    </image>
  <image>
    <ssid>20892373</ssid>
    </image>
  <image>
    <ssid>20892374</ssid>
    </image>
  <image>
    <ssid>22570525</ssid>
    </image>
  <image>
    <ssid>22570526</ssid>
    </image>
  <image>
    <ssid>22570527</ssid>
    </image>
  <image>
    <ssid>22570528</ssid>
    </image>
  <image>
    <ssid>22112360</ssid>
    </image>
  <image>
    <ssid>22112361</ssid>
    </image>
  <image>
    <ssid>22112362</ssid>
    </image>
  <image>
    <ssid>22112363</ssid>
    </image>
  <image>
    <ssid>22098370</ssid>
    </image>
  <image>
    <ssid>20926457</ssid>
    </image>
  <image>
    <ssid>20926458</ssid>
    </image>
  <image>
    <ssid>20926459</ssid>
    </image>
  <image>
    <ssid>20926460</ssid>
    </image>
  <image>
    <ssid>20926461</ssid>
    </image>
  <image>
    <ssid>20926462</ssid>
    </image>
  <image>
    <ssid>22293289</ssid>
    </image>
  <image>
    <ssid>22293290</ssid>
    </image>
  <image>
    <ssid>22293291</ssid>
    </image>
  <image>
    <ssid>26568857</ssid>
    <imageUrl>https://stor.artstor.org/iiif/2019/10/11/15/e8e88284-686b-47ea-8f42-8b51914cb8b6_deflate.tif/info.json</imageUrl>
  </image>
  <image>
    <ssid>26568858</ssid>
    <imageUrl>https://stor.artstor.org/iiif/2019/10/11/15/1d712e39-5987-46a0-b32d-eddc76747061_deflate.tif/info.json</imageUrl>
  </image>
  <image>
    <ssid>26568859</ssid>
    <imageUrl>https://stor.artstor.org/iiif/2019/10/11/15/6000f88c-36ac-4a53-8f3c-beaa7495e8e7_deflate.tif/info.json</imageUrl>
  </image>
  <image>
    <ssid>26568860</ssid>
    <imageUrl>https://stor.artstor.org/iiif/2019/10/11/15/206ab71f-1990-4aca-8785-8c4a8725b68c_deflate.tif/info.json</imageUrl>
  </image>
  <image>
    <ssid>26568861</ssid>
    <imageUrl>https://stor.artstor.org/iiif/2019/10/11/15/0cbed185-6ce5-4e23-82a4-56bcf4bfb89d_deflate.tif/info.json</imageUrl>
  </image>
  <image>
    <ssid>26568862</ssid>
    <imageUrl>https://stor.artstor.org/iiif/2019/10/11/15/aa929929-7353-433f-a699-1108dfb3c762_deflate.tif/info.json</imageUrl>
  </image>
  <image>
    <ssid>22098345</ssid>
    </image>
  <image>
    <ssid>22098348</ssid>
    </image>
  <image>
    <ssid>22098351</ssid>
    </image>
  <image>
    <ssid>26568911</ssid>
    <imageUrl>https://stor.artstor.org/iiif/2019/10/11/17/c3a72818-e0f2-4ec1-abfc-5b109f00a43a_deflate.tif/info.json</imageUrl>
  </image>
  <image>
    <ssid>26568912</ssid>
    <imageUrl>https://stor.artstor.org/iiif/2019/10/11/17/39fa23c8-d90f-452e-a681-cbec4607fac0_deflate.tif/info.json</imageUrl>
  </image>
  <image>
    <ssid>26568913</ssid>
    <imageUrl>https://stor.artstor.org/iiif/2019/10/11/17/912a168f-7665-4dac-852c-7f0d9ac2928b_deflate.tif/info.json</imageUrl>
  </image>
  <image>
    <ssid>26568914</ssid>
    <imageUrl>https://stor.artstor.org/iiif/2019/10/11/17/5984719c-686e-4d6b-8b8b-ef031895f1ff_deflate.tif/info.json</imageUrl>
  </image>
  <image>
    <ssid>20900145</ssid>
    </image>
  <image>
    <ssid>26013041</ssid>
    <imageUrl>https://stor.artstor.org/iiif/2019/08/22/19/0dd9c04e-e685-4920-bd04-23efbc0b1197_deflate.tif/info.json</imageUrl>
  </image>
  <image>
    <ssid>26013042</ssid>
    <imageUrl>https://stor.artstor.org/iiif/2019/08/22/19/ef989c8a-129e-4d39-9872-b9acfb350e41_deflate.tif/info.json</imageUrl>
  </image>
  <image>
    <ssid>20926058</ssid>
    </image>
  <image>
    <ssid>20926051</ssid>
    </image>
  <image>
    <ssid>22124699</ssid>
    </image>
  <image>
    <ssid>22345394</ssid>
    </image>
  <image>
    <ssid>22098303</ssid>
    </image>
  <image>
    <ssid>22570524</ssid>
    </image>
  <image>
    <ssid>21005312</ssid>
    </image>
  <image>
    <ssid>22112326</ssid>
    </image>
  <image>
    <ssid>22486599</ssid>
    </image>
  <image>
    <ssid>21241628</ssid>
    </image>
  <image>
    <ssid>26617750</ssid>
    <imageUrl>https://stor.artstor.org/iiif/2019/10/21/12/dc0cd063-4663-4b9a-a5de-6dac1dad25eb_deflate.tif/info.json</imageUrl>
  </image>
  <image>
    <ssid>22112322</ssid>
    </image>
  <image>
    <ssid>21005328</ssid>
    </image>
  <image>
    <ssid>21005304</ssid>
    </image>
  <image>
    <ssid>21005311</ssid>
    </image>
  <image>
    <ssid>22345389</ssid>
    </image>
  <image>
    <ssid>22345391</ssid>
    </image>
  <image>
    <ssid>22112327</ssid>
    </image>
  <image>
    <ssid>21005323</ssid>
    </image>
  <image>
    <ssid>22112355</ssid>
    </image>
  <image>
    <ssid>22112356</ssid>
    </image>
  <image>
    <ssid>21731966</ssid>
    </image>
  <image>
    <ssid>21731968</ssid>
    </image>
  <image>
    <ssid>22570543</ssid>
    </image>
  <image>
    <ssid>22570545</ssid>
    </image>
  <image>
    <ssid>22570549</ssid>
    </image>
  <image>
    <ssid>22764518</ssid>
    </image>
  <image>
    <ssid>22098362</ssid>
    </image>
  <image>
    <ssid>22119503</ssid>
    </image>
  <image>
    <ssid>22119505</ssid>
    </image>
  <image>
    <ssid>21544505</ssid>
    </image>
  <image>
    <ssid>21544507</ssid>
    </image>
  <image>
    <ssid>21544508</ssid>
    </image>
  <image>
    <ssid>26182757</ssid>
    <imageUrl>https://stor.artstor.org/iiif/2019/09/05/14/aee82a55-07b5-4dc5-9f82-3b9b2c4a2250_deflate.tif/info.json</imageUrl>
  </image>
  <image>
    <ssid>26182761</ssid>
    <imageUrl>https://stor.artstor.org/iiif/2019/09/05/14/4e3b8280-12d1-45ba-bc1f-99875fad9f36_deflate.tif/info.json</imageUrl>
  </image>
  <image>
    <ssid>26182762</ssid>
    <imageUrl>https://stor.artstor.org/iiif/2019/09/05/14/f9330c78-5caa-42ac-a71b-f1f27d5d87cb_deflate.tif/info.json</imageUrl>
  </image>
  <image>
    <ssid>26182765</ssid>
    <imageUrl>https://stor.artstor.org/iiif/2019/09/05/14/0a610261-84b3-4877-9fb9-2465e1828c9d_deflate.tif/info.json</imageUrl>
  </image>
  <image>
    <ssid>26182767</ssid>
    <imageUrl>https://stor.artstor.org/iiif/2019/09/05/14/b90f6c21-e05d-4833-8c2d-67b92668b26b_deflate.tif/info.json</imageUrl>
  </image>
  <image>
    <ssid>26182788</ssid>
    <imageUrl>https://stor.artstor.org/iiif/2019/09/05/14/3c251839-6c6b-4f0c-a6e3-8007a00c951f_deflate.tif/info.json</imageUrl>
  </image>
  <image>
    <ssid>22965862</ssid>
    </image>
  <image>
    <ssid>22965887</ssid>
    </image>
  <image>
    <ssid>22965876</ssid>
    </image>
  <image>
    <ssid>26208038</ssid>
    <imageUrl>https://stor.artstor.org/iiif/2019/09/09/14/05126e42-246b-49b3-b310-5aa0272bae44_deflate.tif/info.json</imageUrl>
  </image>
  <image>
    <ssid>26208039</ssid>
    <imageUrl>https://stor.artstor.org/iiif/2019/09/09/14/4cff391f-3393-4127-a821-7c0a88ad9a12_deflate.tif/info.json</imageUrl>
  </image>
  <image>
    <ssid>26208040</ssid>
    <imageUrl>https://stor.artstor.org/iiif/2019/09/09/14/9204ed49-b215-4105-878e-9df6605d8b6b_deflate.tif/info.json</imageUrl>
  </image>
  <image>
    <ssid>26208041</ssid>
    <imageUrl>https://stor.artstor.org/iiif/2019/09/09/14/66807b67-b381-4c65-849b-3ca07ccd7a98_deflate.tif/info.json</imageUrl>
  </image>
  <image>
    <ssid>26208042</ssid>
    <imageUrl>https://stor.artstor.org/iiif/2019/09/09/14/823a2b61-a1e2-4651-ae61-d30a9fa373a8_deflate.tif/info.json</imageUrl>
  </image>
  <image>
    <ssid>22122102</ssid>
    </image>
  <image>
    <ssid>22122104</ssid>
    </image>
  <image>
    <ssid>20926453</ssid>
    </image>
  <image>
    <ssid>20926454</ssid>
    </image>
  <image>
    <ssid>20926455</ssid>
    </image>
  <image>
    <ssid>26020914</ssid>
    <imageUrl>https://stor.artstor.org/iiif/2019/08/26/15/4733566b-21a5-4b2c-b4a4-4c440028a683_deflate.tif/info.json</imageUrl>
  </image>
  <image>
    <ssid>26020915</ssid>
    <imageUrl>https://stor.artstor.org/iiif/2019/08/26/15/66f80778-471a-412c-9d0f-25eb9aa1b46e_deflate.tif/info.json</imageUrl>
  </image>
  <image>
    <ssid>26020916</ssid>
    <imageUrl>https://stor.artstor.org/iiif/2019/08/26/15/379366c7-d154-4d07-8429-72c216fb226d_deflate.tif/info.json</imageUrl>
  </image>
  <image>
    <ssid>26020917</ssid>
    <imageUrl>https://stor.artstor.org/iiif/2019/08/26/15/db252928-fa71-4914-b69b-9d27e27923e1_deflate.tif/info.json</imageUrl>
  </image>
  <image>
    <ssid>26020918</ssid>
    <imageUrl>https://stor.artstor.org/iiif/2019/08/26/15/46a76e18-e7ec-4472-a5f7-fe38c1b1bb6f_deflate.tif/info.json</imageUrl>
  </image>
  <image>
    <ssid>22098335</ssid>
    </image>
  <image>
    <ssid>21544510</ssid>
    </image>
  <image>
    <ssid>21544511</ssid>
    </image>
  <image>
    <ssid>21544512</ssid>
    </image>
  <image>
    <ssid>21544513</ssid>
    </image>
  <image>
    <ssid>22404519</ssid>
    </image>
  <image>
    <ssid>22345400</ssid>
    </image>
  <image>
    <ssid>20926463</ssid>
    </image>
  <image>
    <ssid>22782682</ssid>
    </image>
  <image>
    <ssid>26182702</ssid>
    <imageUrl>https://stor.artstor.org/iiif/2019/09/05/14/942d6462-2cbb-4460-a3d4-aadc8c2ade5a_deflate.tif/info.json</imageUrl>
  </image>
  <image>
    <ssid>26182703</ssid>
    <imageUrl>https://stor.artstor.org/iiif/2019/09/05/14/c490ca68-08c1-4fcf-a479-cafb4722ca5f_deflate.tif/info.json</imageUrl>
  </image>
  <image>
    <ssid>26182705</ssid>
    <imageUrl>https://stor.artstor.org/iiif/2019/09/05/14/5f670e40-d8c2-4783-92f2-fddffcf5f0a0_deflate.tif/info.json</imageUrl>
  </image>
  <image>
    <ssid>26617756</ssid>
    <imageUrl>https://stor.artstor.org/iiif/2019/10/21/12/4d2f374e-1709-49c4-a2db-4fc2cf721b47_deflate.tif/info.json</imageUrl>
  </image>
  <image>
    <ssid>20929989</ssid>
    </image>
  <image>
    <ssid>21004717</ssid>
    </image>
  <image>
    <ssid>21004718</ssid>
    </image>
  <image>
    <ssid>21004719</ssid>
    </image>
  <image>
    <ssid>21004731</ssid>
    </image>
  <image>
    <ssid>22146571</ssid>
    </image>
  <image>
    <ssid>22146572</ssid>
    </image>
  <image>
    <ssid>20929990</ssid>
    </image>
  <image>
    <ssid>20929991</ssid>
    </image>
  <image>
    <ssid>22902959</ssid>
    </image>
  <image>
    <ssid>22782683</ssid>
    </image>
  <image>
    <ssid>22782684</ssid>
    </image>
  <image>
    <ssid>22339974</ssid>
    </image>
  <image>
    <ssid>22339958</ssid>
    </image>
  <image>
    <ssid>22339959</ssid>
    </image>
  <image>
    <ssid>22964235</ssid>
    </image>
  <image>
    <ssid>26568896</ssid>
    <imageUrl>https://stor.artstor.org/iiif/2019/10/11/16/acfd07a3-c6af-4749-9926-f843745c15ab_deflate.tif/info.json</imageUrl>
  </image>
  <image>
    <ssid>21731970</ssid>
    </image>
  <image>
    <ssid>22112359</ssid>
    </image>
  <image>
    <ssid>22112331</ssid>
    </image>
  <image>
    <ssid>22486603</ssid>
    </image>
  <image>
    <ssid>22112358</ssid>
    </image>
  <image>
    <ssid>21004708</ssid>
    </image>
  <image>
    <ssid>21004709</ssid>
    </image>
  <image>
    <ssid>21004710</ssid>
    </image>
  <image>
    <ssid>21004711</ssid>
    </image>
  <image>
    <ssid>21004712</ssid>
    </image>
  <image>
    <ssid>21004713</ssid>
    </image>
  <image>
    <ssid>21004714</ssid>
    </image>
  <image>
    <ssid>21004715</ssid>
    </image>
  <image>
    <ssid>21004716</ssid>
    </image>
  <image>
    <ssid>22146575</ssid>
    </image>
  <image>
    <ssid>22146576</ssid>
    </image>
  <image>
    <ssid>22146577</ssid>
    </image>
  <image>
    <ssid>22146578</ssid>
    </image>
  <image>
    <ssid>22146579</ssid>
    </image>
  <image>
    <ssid>22146580</ssid>
    </image>
  <image>
    <ssid>22119542</ssid>
    </image>
  <image>
    <ssid>22345397</ssid>
    </image>
  <image>
    <ssid>21241630</ssid>
    </image>
  <image>
    <ssid>20929561</ssid>
    </image>
  <image>
    <ssid>20929562</ssid>
    </image>
  <image>
    <ssid>20929563</ssid>
    </image>
  <image>
    <ssid>21005306</ssid>
    </image>
  <image>
    <ssid>21005308</ssid>
    </image>
  <image>
    <ssid>21005314</ssid>
    </image>
  <image>
    <ssid>22122072</ssid>
    </image>
  <image>
    <ssid>22119508</ssid>
    </image>
  <image>
    <ssid>22119509</ssid>
    </image>
  <image>
    <ssid>22119511</ssid>
    </image>
  <image>
    <ssid>22119512</ssid>
    </image>
  <image>
    <ssid>22119513</ssid>
    </image>
  <image>
    <ssid>22119514</ssid>
    </image>
  <image>
    <ssid>22119515</ssid>
    </image>
  <image>
    <ssid>22570535</ssid>
    </image>
  <image>
    <ssid>22570536</ssid>
    </image>
  <image>
    <ssid>22124690</ssid>
    </image>
  <image>
    <ssid>22293280</ssid>
    </image>
  <image>
    <ssid>22570548</ssid>
    </image>
  <image>
    <ssid>22782673</ssid>
    </image>
  <image>
    <ssid>22782674</ssid>
    </image>
  <image>
    <ssid>22486584</ssid>
    </image>
  <image>
    <ssid>22486585</ssid>
    </image>
  <image>
    <ssid>22486586</ssid>
    </image>
  <image>
    <ssid>22486587</ssid>
    </image>
  <image>
    <ssid>22964232</ssid>
    </image>
  <image>
    <ssid>22339957</ssid>
    </image>
  <image>
    <ssid>20892378</ssid>
    </image>
  <image>
    <ssid>20892380</ssid>
    </image>
  <image>
    <ssid>20892381</ssid>
    </image>
  <image>
    <ssid>22122075</ssid>
    </image>
  <image>
    <ssid>22122077</ssid>
    </image>
  <image>
    <ssid>22122078</ssid>
    </image>
  <image>
    <ssid>21544506</ssid>
    </image>
  <image>
    <ssid>22122097</ssid>
    </image>
  <image>
    <ssid>22339955</ssid>
    </image>
  <image>
    <ssid>22339956</ssid>
    </image>
  <image>
    <ssid>22339964</ssid>
    </image>
  <image>
    <ssid>21008438</ssid>
    </image>
  <image>
    <ssid>22964257</ssid>
    </image>
  <image>
    <ssid>26208023</ssid>
    <imageUrl>https://stor.artstor.org/iiif/2019/09/09/14/9f799c9e-6364-4077-b0c5-3f2bc7481380_deflate.tif/info.json</imageUrl>
  </image>
  <image>
    <ssid>22570542</ssid>
    </image>
  <image>
    <ssid>22404756</ssid>
    </image>
  <image>
    <ssid>26153931</ssid>
    <imageUrl>https://stor.artstor.org/iiif/2019/08/29/20/cbd4e86b-4683-47ed-867f-f71cb8110b70_deflate.tif/info.json</imageUrl>
  </image>
  <image>
    <ssid>26153932</ssid>
    <imageUrl>https://stor.artstor.org/iiif/2019/08/29/20/118df7ef-5d1e-420b-9db9-edb14d9577a5_deflate.tif/info.json</imageUrl>
  </image>
  <image>
    <ssid>26153933</ssid>
    <imageUrl>https://stor.artstor.org/iiif/2019/08/29/20/c73ead73-13fc-4548-abbd-4ed0936dac45_deflate.tif/info.json</imageUrl>
  </image>
  <image>
    <ssid>26153934</ssid>
    <imageUrl>https://stor.artstor.org/iiif/2019/08/29/20/7f435411-0b62-4e18-acbe-85072aac27e1_deflate.tif/info.json</imageUrl>
  </image>
  <image>
    <ssid>26013039</ssid>
    <imageUrl>https://stor.artstor.org/iiif/2019/08/22/19/684da154-0ce1-4e19-bd84-16608438ffab_deflate.tif/info.json</imageUrl>
  </image>
  <image>
    <ssid>26013040</ssid>
    <imageUrl>https://stor.artstor.org/iiif/2019/08/22/19/ca932ed2-95ba-451a-912a-7100c3cf702f_deflate.tif/info.json</imageUrl>
  </image>
  <image>
    <ssid>22098238</ssid>
    </image>
  <image>
    <ssid>22345402</ssid>
    </image>
  <image>
    <ssid>22345390</ssid>
    </image>
  <image>
    <ssid>22112334</ssid>
    </image>
  <image>
    <ssid>22345392</ssid>
    </image>
  <image>
    <ssid>22345393</ssid>
    </image>
  <image>
    <ssid>22112372</ssid>
    </image>
  <image>
    <ssid>21544509</ssid>
    </image>
  <image>
    <ssid>20403508</ssid>
    </image>
  <image>
    <ssid>20403509</ssid>
    </image>
  <image>
    <ssid>20403510</ssid>
    </image>
  <image>
    <ssid>20403511</ssid>
    </image>
  <image>
    <ssid>20929988</ssid>
    </image>
  <image>
    <ssid>26617747</ssid>
    <imageUrl>https://stor.artstor.org/iiif/2019/10/21/12/f6ae9514-e8a2-494b-9e34-b847a6192d67_deflate.tif/info.json</imageUrl>
  </image>
  <image>
    <ssid>22122096</ssid>
    </image>
  <image>
    <ssid>22112318</ssid>
    </image>
  <image>
    <ssid>26153937</ssid>
    <imageUrl>https://stor.artstor.org/iiif/2019/08/29/20/c86fbe23-20f7-46b2-8840-65db2a4c3e8e_deflate.tif/info.json</imageUrl>
  </image>
  <image>
    <ssid>26208028</ssid>
    <imageUrl>https://stor.artstor.org/iiif/2019/09/09/14/62e0dcb7-5156-462f-9b14-26b1cd69406b_deflate.tif/info.json</imageUrl>
  </image>
  <image>
    <ssid>26208029</ssid>
    <imageUrl>https://stor.artstor.org/iiif/2019/09/09/14/f8050f6f-ae9a-4209-9e33-1ee69606486d_deflate.tif/info.json</imageUrl>
  </image>
  <image>
    <ssid>26208030</ssid>
    <imageUrl>https://stor.artstor.org/iiif/2019/09/09/14/45057867-c7dd-4320-8a3c-164803da51b1_deflate.tif/info.json</imageUrl>
  </image>
  <image>
    <ssid>26208031</ssid>
    <imageUrl>https://stor.artstor.org/iiif/2019/09/09/14/e07f1a0b-db16-49dd-a29b-992a08967fec_deflate.tif/info.json</imageUrl>
  </image>
  <image>
    <ssid>26208032</ssid>
    <imageUrl>https://stor.artstor.org/iiif/2019/09/09/14/d354392e-d4a7-4cff-9ad9-c59992ad259f_deflate.tif/info.json</imageUrl>
  </image>
  <image>
    <ssid>22636972</ssid>
    </image>
  <image>
    <ssid>22636973</ssid>
    </image>
  <image>
    <ssid>22636974</ssid>
    </image>
  <image>
    <ssid>22636975</ssid>
    </image>
  <image>
    <ssid>22636976</ssid>
    </image>
  <image>
    <ssid>22636977</ssid>
    </image>
  <image>
    <ssid>22636978</ssid>
    </image>
  <image>
    <ssid>22636979</ssid>
    </image>
  <image>
    <ssid>22636980</ssid>
    </image>
  <image>
    <ssid>22636981</ssid>
    </image>
  <image>
    <ssid>22636982</ssid>
    </image>
  <image>
    <ssid>22636983</ssid>
    </image>
  <image>
    <ssid>22636984</ssid>
    </image>
  <image>
    <ssid>22636985</ssid>
    </image>
  <image>
    <ssid>22636986</ssid>
    </image>
  <image>
    <ssid>22636987</ssid>
    </image>
  <image>
    <ssid>22636988</ssid>
    </image>
  <image>
    <ssid>22636989</ssid>
    </image>
  <image>
    <ssid>22636990</ssid>
    </image>
  <image>
    <ssid>22636991</ssid>
    </image>
  <image>
    <ssid>22636992</ssid>
    </image>
  <image>
    <ssid>22636993</ssid>
    </image>
  <image>
    <ssid>22637003</ssid>
    </image>
  <image>
    <ssid>22637004</ssid>
    </image>
  <image>
    <ssid>22637005</ssid>
    </image>
  <image>
    <ssid>22637006</ssid>
    </image>
  <image>
    <ssid>20616140</ssid>
    </image>
  <image>
    <ssid>26568909</ssid>
    <imageUrl>https://stor.artstor.org/iiif/2019/10/11/17/ca21e3ab-c20a-4459-bcfa-a7f320763ae7_deflate.tif/info.json</imageUrl>
  </image>
  <image>
    <ssid>26568906</ssid>
    <imageUrl>https://stor.artstor.org/iiif/2019/10/11/17/b6c8415c-3ba3-4c60-ae02-67533522c11e_deflate.tif/info.json</imageUrl>
  </image>
  <image>
    <ssid>26013032</ssid>
    <imageUrl>https://stor.artstor.org/iiif/2019/08/22/19/dd8f63be-aa64-4431-9788-1a252c202989_deflate.tif/info.json</imageUrl>
  </image>
  <image>
    <ssid>22098317</ssid>
    </image>
  <image>
    <ssid>22098319</ssid>
    </image>
  <image>
    <ssid>20892371</ssid>
    </image>
  <image>
    <ssid>22119501</ssid>
    </image>
  <image>
    <ssid>20926833</ssid>
    </image>
  <image>
    <ssid>20616144</ssid>
    </image>
  <image>
    <ssid>20929511</ssid>
    </image>
  <image>
    <ssid>22965886</ssid>
    </image>
  <image>
    <ssid>26208047</ssid>
    <imageUrl>https://stor.artstor.org/iiif/2019/09/09/14/263ac6d3-e663-4c2f-981a-8695d9daf808_deflate.tif/info.json</imageUrl>
  </image>
  <image>
    <ssid>22124696</ssid>
    </image>
  <image>
    <ssid>22124697</ssid>
    </image>
  <image>
    <ssid>22119510</ssid>
    </image>
  <image>
    <ssid>26020895</ssid>
    <imageUrl>https://stor.artstor.org/iiif/2019/08/26/15/fd584680-c4ef-4fc7-8ee4-f323438ed156_deflate.tif/info.json</imageUrl>
  </image>
  <image>
    <ssid>26020896</ssid>
    <imageUrl>https://stor.artstor.org/iiif/2019/08/26/15/7e336bb8-acb4-4286-a437-94e9cd65b2df_deflate.tif/info.json</imageUrl>
  </image>
  <image>
    <ssid>26020897</ssid>
    <imageUrl>https://stor.artstor.org/iiif/2019/08/26/15/4f084c0d-728e-4d84-9867-50765ad51241_deflate.tif/info.json</imageUrl>
  </image>
  <image>
    <ssid>26020898</ssid>
    <imageUrl>https://stor.artstor.org/iiif/2019/08/26/15/281b2302-c5c9-4c78-b3bb-e42f03073f6e_deflate.tif/info.json</imageUrl>
  </image>
  <image>
    <ssid>20352161</ssid>
    </image>
  <image>
    <ssid>20352162</ssid>
    </image>
  <image>
    <ssid>20352163</ssid>
    </image>
  <image>
    <ssid>20352164</ssid>
    </image>
  <image>
    <ssid>20352166</ssid>
    </image>
  <image>
    <ssid>20352167</ssid>
    </image>
  <image>
    <ssid>20352168</ssid>
    </image>
  <image>
    <ssid>20352169</ssid>
    </image>
  <image>
    <ssid>20352170</ssid>
    </image>
  <image>
    <ssid>20352171</ssid>
    </image>
  <image>
    <ssid>20352172</ssid>
    </image>
  <image>
    <ssid>20352173</ssid>
    </image>
  <image>
    <ssid>20352174</ssid>
    </image>
  <image>
    <ssid>20352175</ssid>
    </image>
  <image>
    <ssid>20352176</ssid>
    </image>
  <image>
    <ssid>20352177</ssid>
    </image>
  <image>
    <ssid>20352178</ssid>
    </image>
  <image>
    <ssid>20352179</ssid>
    </image>
  <image>
    <ssid>20352180</ssid>
    </image>
  <image>
    <ssid>20352181</ssid>
    </image>
  <image>
    <ssid>20352182</ssid>
    </image>
  <image>
    <ssid>20352183</ssid>
    </image>
  <image>
    <ssid>20352184</ssid>
    </image>
  <image>
    <ssid>20352250</ssid>
    </image>
  <image>
    <ssid>20352251</ssid>
    </image>
  <image>
    <ssid>20352280</ssid>
    </image>
  <image>
    <ssid>20352281</ssid>
    </image>
  <image>
    <ssid>20352282</ssid>
    </image>
  <image>
    <ssid>20352283</ssid>
    </image>
  <image>
    <ssid>20352284</ssid>
    </image>
  <image>
    <ssid>20352285</ssid>
    </image>
  <image>
    <ssid>20352286</ssid>
    </image>
  <image>
    <ssid>20352287</ssid>
    </image>
  <image>
    <ssid>20352478</ssid>
    </image>
  <image>
    <ssid>20352515</ssid>
    </image>
  <image>
    <ssid>21323287</ssid>
    </image>
  <image>
    <ssid>26617745</ssid>
    <imageUrl>https://stor.artstor.org/iiif/2019/10/21/12/aba67694-ec15-4e92-92c6-bd244f1bc2df_deflate.tif/info.json</imageUrl>
  </image>
  <image>
    <ssid>26617746</ssid>
    <imageUrl>https://stor.artstor.org/iiif/2019/10/21/12/038df09c-15be-4445-93df-71732b8afbbd_deflate.tif/info.json</imageUrl>
  </image>
  <image>
    <ssid>21004729</ssid>
    </image>
  <image>
    <ssid>21004730</ssid>
    </image>
  <image>
    <ssid>21004732</ssid>
    </image>
  <image>
    <ssid>22146583</ssid>
    </image>
  <image>
    <ssid>22146584</ssid>
    </image>
  <image>
    <ssid>22146585</ssid>
    </image>
  <image>
    <ssid>22965858</ssid>
    </image>
  <image>
    <ssid>22486605</ssid>
    </image>
  <image>
    <ssid>22486606</ssid>
    </image>
  <image>
    <ssid>26013036</ssid>
    <imageUrl>https://stor.artstor.org/iiif/2019/08/22/19/10ad7807-d52f-4669-8811-759ac06539f8_deflate.tif/info.json</imageUrl>
  </image>
  <image>
    <ssid>26013025</ssid>
    <imageUrl>https://stor.artstor.org/iiif/2019/08/22/19/eb08c31c-3e54-483d-98c5-2c5cd6fd265f_deflate.tif/info.json</imageUrl>
  </image>
  <image>
    <ssid>26013026</ssid>
    <imageUrl>https://stor.artstor.org/iiif/2019/08/22/19/be9706c5-7970-45bd-936a-8cae44bf1575_deflate.tif/info.json</imageUrl>
  </image>
  <image>
    <ssid>26013027</ssid>
    <imageUrl>https://stor.artstor.org/iiif/2019/08/22/19/e17c4bce-9eb8-418e-8773-ce8eeca26962_deflate.tif/info.json</imageUrl>
  </image>
  <image>
    <ssid>21544514</ssid>
    </image>
  <image>
    <ssid>21544515</ssid>
    </image>
  <image>
    <ssid>21544516</ssid>
    </image>
  <image>
    <ssid>21544517</ssid>
    </image>
  <image>
    <ssid>20892391</ssid>
    </image>
  <image>
    <ssid>22122080</ssid>
    </image>
  <image>
    <ssid>22570539</ssid>
    </image>
  <image>
    <ssid>20925971</ssid>
    </image>
  <image>
    <ssid>26568903</ssid>
    <imageUrl>https://stor.artstor.org/iiif/2019/10/11/16/202654af-e2d3-4a49-8384-8c73725baefe_deflate.tif/info.json</imageUrl>
  </image>
  <image>
    <ssid>22339962</ssid>
    </image>
  <image>
    <ssid>22339963</ssid>
    </image>
  <image>
    <ssid>22339965</ssid>
    </image>
  <image>
    <ssid>22339966</ssid>
    </image>
  <image>
    <ssid>22339967</ssid>
    </image>
  <image>
    <ssid>22339968</ssid>
    </image>
  <image>
    <ssid>22339969</ssid>
    </image>
  <image>
    <ssid>22964239</ssid>
    </image>
  <image>
    <ssid>22964241</ssid>
    </image>
  <image>
    <ssid>22964242</ssid>
    </image>
  <image>
    <ssid>22486588</ssid>
    </image>
  <image>
    <ssid>22486589</ssid>
    </image>
  <image>
    <ssid>22112338</ssid>
    </image>
  <image>
    <ssid>22112339</ssid>
    </image>
  <image>
    <ssid>20892375</ssid>
    </image>
  <image>
    <ssid>20892376</ssid>
    </image>
  <image>
    <ssid>22122074</ssid>
    </image>
  <image>
    <ssid>20892387</ssid>
    </image>
  <image>
    <ssid>22965865</ssid>
    </image>
  <image>
    <ssid>22293282</ssid>
    </image>
  <image>
    <ssid>22965844</ssid>
    </image>
  <image>
    <ssid>22965845</ssid>
    </image>
  <image>
    <ssid>26940567</ssid>
    <imageUrl>https://stor.artstor.org/iiif/2019/11/05/19/f0bc111d-d1a6-47fa-a5d4-fb6cb4790957_deflate.tif/info.json</imageUrl>
  </image>
  <image>
    <ssid>26940568</ssid>
    <imageUrl>https://stor.artstor.org/iiif/2019/11/05/19/024d7fae-56df-48ab-b157-8342ca09d81a_deflate.tif/info.json</imageUrl>
  </image>
  <image>
    <ssid>26940569</ssid>
    <imageUrl>https://stor.artstor.org/iiif/2019/11/05/19/14f1e879-22b5-490f-b825-d05083cdf087_deflate.tif/info.json</imageUrl>
  </image>
  <image>
    <ssid>26940570</ssid>
    <imageUrl>https://stor.artstor.org/iiif/2019/11/05/19/5de15120-bc9a-458d-9af0-5b4f4f648760_deflate.tif/info.json</imageUrl>
  </image>
  <image>
    <ssid>26940571</ssid>
    <imageUrl>https://stor.artstor.org/iiif/2019/11/05/19/9b169ba8-d13a-4be0-a8ab-b2824fbf1898_deflate.tif/info.json</imageUrl>
  </image>
  <image>
    <ssid>26940572</ssid>
    <imageUrl>https://stor.artstor.org/iiif/2019/11/05/19/08f883b8-350e-4962-b648-637c71121e9c_deflate.tif/info.json</imageUrl>
  </image>
  <image>
    <ssid>26940573</ssid>
    <imageUrl>https://stor.artstor.org/iiif/2019/11/05/19/bc2070c8-67c4-47b1-93f5-04367e225aa9_deflate.tif/info.json</imageUrl>
  </image>
  <image>
    <ssid>26940574</ssid>
    <imageUrl>https://stor.artstor.org/iiif/2019/11/05/19/668be9fa-8660-4607-9ca3-be6154e782c8_deflate.tif/info.json</imageUrl>
  </image>
  <image>
    <ssid>26940575</ssid>
    <imageUrl>https://stor.artstor.org/iiif/2019/11/05/19/962d887f-ba84-49f0-8cfa-9b74717f0191_deflate.tif/info.json</imageUrl>
  </image>
  <image>
    <ssid>26940576</ssid>
    <imageUrl>https://stor.artstor.org/iiif/2019/11/05/19/1a9aeb4a-5117-4997-a35d-dfec4c682d06_deflate.tif/info.json</imageUrl>
  </image>
  <image>
    <ssid>26940577</ssid>
    <imageUrl>https://stor.artstor.org/iiif/2019/11/05/19/f2eb3f01-5e6a-40bb-a2ea-18e3507966ff_deflate.tif/info.json</imageUrl>
  </image>
  <image>
    <ssid>26940578</ssid>
    <imageUrl>https://stor.artstor.org/iiif/2019/11/05/19/51d40d5e-3ed0-4677-a458-825ea4acfb32_deflate.tif/info.json</imageUrl>
  </image>
  <image>
    <ssid>22122100</ssid>
    </image>
  <image>
    <ssid>22965877</ssid>
    </image>
  <image>
    <ssid>22965878</ssid>
    </image>
  <image>
    <ssid>26153925</ssid>
    <imageUrl>https://stor.artstor.org/iiif/2019/08/29/20/74fc958b-dd8b-439d-a950-4ce7ccbb9a09_deflate.tif/info.json</imageUrl>
  </image>
  <image>
    <ssid>26182725</ssid>
    <imageUrl>https://stor.artstor.org/iiif/2019/09/05/14/88f0a5e0-aaae-4fae-91f0-a3b5fdae9138_deflate.tif/info.json</imageUrl>
  </image>
  <image>
    <ssid>26182727</ssid>
    <imageUrl>https://stor.artstor.org/iiif/2019/09/05/14/5802b15d-a341-4176-a12f-bb72b730d004_deflate.tif/info.json</imageUrl>
  </image>
  <image>
    <ssid>26182729</ssid>
    <imageUrl>https://stor.artstor.org/iiif/2019/09/05/14/302341d4-e48f-4998-a0fd-b264a5837676_deflate.tif/info.json</imageUrl>
  </image>
  <image>
    <ssid>26182732</ssid>
    <imageUrl>https://stor.artstor.org/iiif/2019/09/05/14/400083d8-1570-4b27-b96a-574833eed122_deflate.tif/info.json</imageUrl>
  </image>
  <image>
    <ssid>20403504</ssid>
    </image>
  <image>
    <ssid>20403505</ssid>
    </image>
  <image>
    <ssid>20403506</ssid>
    </image>
  <image>
    <ssid>20403507</ssid>
    </image>
  <image>
    <ssid>21241632</ssid>
    </image>
  <image>
    <ssid>21731981</ssid>
    </image>
  <image>
    <ssid>21731982</ssid>
    </image>
  <image>
    <ssid>21731983</ssid>
    </image>
  <image>
    <ssid>21731984</ssid>
    </image>
  <image>
    <ssid>26153926</ssid>
    <imageUrl>https://stor.artstor.org/iiif/2019/08/29/20/89d71070-5986-469f-8357-da946dd3305f_deflate.tif/info.json</imageUrl>
  </image>
  <image>
    <ssid>26153927</ssid>
    <imageUrl>https://stor.artstor.org/iiif/2019/08/29/20/6026da39-b417-40ad-81e0-9c978c2e04a2_deflate.tif/info.json</imageUrl>
  </image>
  <image>
    <ssid>26153928</ssid>
    <imageUrl>https://stor.artstor.org/iiif/2019/08/29/20/a59a397b-6de2-40d6-9373-57916d5bc301_deflate.tif/info.json</imageUrl>
  </image>
  <image>
    <ssid>26153930</ssid>
    <imageUrl>https://stor.artstor.org/iiif/2019/08/29/20/ca671377-6cef-4704-8d73-2eb59c27a3f3_deflate.tif/info.json</imageUrl>
  </image>
  <image>
    <ssid>20892388</ssid>
    </image>
  <image>
    <ssid>22119519</ssid>
    </image>
  <image>
    <ssid>22119520</ssid>
    </image>
  <image>
    <ssid>20892394</ssid>
    </image>
  <image>
    <ssid>20892395</ssid>
    </image>
  <image>
    <ssid>22122088</ssid>
    </image>
  <image>
    <ssid>22122089</ssid>
    </image>
  <image>
    <ssid>22122091</ssid>
    </image>
  <image>
    <ssid>22122093</ssid>
    </image>
  <image>
    <ssid>20929504</ssid>
    </image>
  <image>
    <ssid>20929505</ssid>
    </image>
  <image>
    <ssid>20929506</ssid>
    </image>
  <image>
    <ssid>20929507</ssid>
    </image>
  <image>
    <ssid>20929508</ssid>
    </image>
  <image>
    <ssid>21241621</ssid>
    </image>
  <image>
    <ssid>21241622</ssid>
    </image>
  <image>
    <ssid>22122069</ssid>
    </image>
  <image>
    <ssid>20892393</ssid>
    </image>
  <image>
    <ssid>22112377</ssid>
    </image>
  <image>
    <ssid>20520787</ssid>
    </image>
  <image>
    <ssid>20520788</ssid>
    </image>
  <image>
    <ssid>20520789</ssid>
    </image>
  <image>
    <ssid>20520790</ssid>
    </image>
  <image>
    <ssid>20520791</ssid>
    </image>
  <image>
    <ssid>20520792</ssid>
    </image>
  <image>
    <ssid>20520793</ssid>
    </image>
  <image>
    <ssid>20520794</ssid>
    </image>
  <image>
    <ssid>20520795</ssid>
    </image>
  <image>
    <ssid>20520796</ssid>
    </image>
  <image>
    <ssid>20926829</ssid>
    </image>
  <image>
    <ssid>20616138</ssid>
    </image>
  <image>
    <ssid>21005310</ssid>
    </image>
  <image>
    <ssid>21008437</ssid>
    </image>
  <image>
    <ssid>21005313</ssid>
    </image>
  <image>
    <ssid>22112325</ssid>
    </image>
  <image>
    <ssid>22124695</ssid>
    </image>
  <image>
    <ssid>22404520</ssid>
    </image>
  <image>
    <ssid>22404521</ssid>
    </image>
  <image>
    <ssid>22098340</ssid>
    </image>
  <image>
    <ssid>22486590</ssid>
    </image>
  <image>
    <ssid>22486591</ssid>
    </image>
  <image>
    <ssid>22570550</ssid>
    </image>
  <image>
    <ssid>26182721</ssid>
    <imageUrl>https://stor.artstor.org/iiif/2019/09/05/14/75485d41-b3ac-4c4b-a6c2-65f2e371a5e1_deflate.tif/info.json</imageUrl>
  </image>
  <image>
    <ssid>21544518</ssid>
    </image>
  <image>
    <ssid>21544519</ssid>
    </image>
  <image>
    <ssid>26208033</ssid>
    <imageUrl>https://stor.artstor.org/iiif/2019/09/09/14/653ded6f-e80c-4253-af48-e48e85fc8db4_deflate.tif/info.json</imageUrl>
  </image>
  <image>
    <ssid>26208034</ssid>
    <imageUrl>https://stor.artstor.org/iiif/2019/09/09/14/81bf36f3-baa3-40af-b6be-a002217271c2_deflate.tif/info.json</imageUrl>
  </image>
  <image>
    <ssid>22098246</ssid>
    </image>
  <image>
    <ssid>22112357</ssid>
    </image>
  <image>
    <ssid>22119504</ssid>
    </image>
  <image>
    <ssid>22098367</ssid>
    </image>
  <image>
    <ssid>22098372</ssid>
    </image>
  <image>
    <ssid>22098366</ssid>
    </image>
  <image>
    <ssid>22293283</ssid>
    </image>
  <image>
    <ssid>22293284</ssid>
    </image>
  <image>
    <ssid>22293288</ssid>
    </image>
  <image>
    <ssid>21731967</ssid>
    </image>
  <image>
    <ssid>22119535</ssid>
    </image>
  <image>
    <ssid>22119536</ssid>
    </image>
  <image>
    <ssid>22119537</ssid>
    </image>
  <image>
    <ssid>22119538</ssid>
    </image>
  <image>
    <ssid>22119539</ssid>
    </image>
  <image>
    <ssid>22124698</ssid>
    </image>
  <image>
    <ssid>26020908</ssid>
    <imageUrl>https://stor.artstor.org/iiif/2019/08/26/15/0cf9e48c-1a23-4050-a8aa-362b58e22ebc_deflate.tif/info.json</imageUrl>
  </image>
  <image>
    <ssid>22293275</ssid>
    </image>
  <image>
    <ssid>22119506</ssid>
    </image>
  <image>
    <ssid>22964237</ssid>
    </image>
  <image>
    <ssid>22964238</ssid>
    </image>
  <image>
    <ssid>20929556</ssid>
    </image>
  <image>
    <ssid>20926464</ssid>
    </image>
  <image>
    <ssid>20892377</ssid>
    </image>
  <image>
    <ssid>22293286</ssid>
    </image>
  <image>
    <ssid>22965883</ssid>
    </image>
  <image>
    <ssid>22965880</ssid>
    </image>
  <image>
    <ssid>26182723</ssid>
    <imageUrl>https://stor.artstor.org/iiif/2019/09/05/14/96c97525-d1ed-41b7-a409-0f0627faca1c_deflate.tif/info.json</imageUrl>
  </image>
  <image>
    <ssid>20616090</ssid>
    </image>
  <image>
    <ssid>26208043</ssid>
    <imageUrl>https://stor.artstor.org/iiif/2019/09/09/14/d4f0bcc1-7961-4cf7-bc19-e20de1bb1542_deflate.tif/info.json</imageUrl>
  </image>
  <image>
    <ssid>20925683</ssid>
    </image>
  <image>
    <ssid>21727484</ssid>
    </image>
  <image>
    <ssid>21727485</ssid>
    </image>
  <image>
    <ssid>21727486</ssid>
    </image>
  <image>
    <ssid>21727487</ssid>
    </image>
  <image>
    <ssid>21727488</ssid>
    </image>
  <image>
    <ssid>21727489</ssid>
    </image>
  <image>
    <ssid>21727490</ssid>
    </image>
  <image>
    <ssid>21727491</ssid>
    </image>
  <image>
    <ssid>21727492</ssid>
    </image>
  <image>
    <ssid>21727493</ssid>
    </image>
  <image>
    <ssid>21727494</ssid>
    </image>
  <image>
    <ssid>22098226</ssid>
    </image>
  <image>
    <ssid>22098228</ssid>
    </image>
  <image>
    <ssid>22098229</ssid>
    </image>
  <image>
    <ssid>22098230</ssid>
    </image>
  <image>
    <ssid>22098231</ssid>
    </image>
  <image>
    <ssid>22098232</ssid>
    </image>
  <image>
    <ssid>22098233</ssid>
    </image>
  <image>
    <ssid>22098234</ssid>
    </image>
  <image>
    <ssid>22098235</ssid>
    </image>
  <image>
    <ssid>22098244</ssid>
    </image>
  <image>
    <ssid>22098245</ssid>
    </image>
  <image>
    <ssid>26568895</ssid>
    <imageUrl>https://stor.artstor.org/iiif/2019/10/11/16/2d67bf58-977e-434b-ad3d-7c1f0d5568b8_deflate.tif/info.json</imageUrl>
  </image>
  <image>
    <ssid>20926823</ssid>
    </image>
  <image>
    <ssid>22098227</ssid>
    </image>
  <image>
    <ssid>22098239</ssid>
    </image>
  <image>
    <ssid>22098240</ssid>
    </image>
  <image>
    <ssid>22098241</ssid>
    </image>
  <image>
    <ssid>22098242</ssid>
    </image>
  <image>
    <ssid>22112374</ssid>
    </image>
  <image>
    <ssid>22112350</ssid>
    </image>
  <image>
    <ssid>22112351</ssid>
    </image>
  <image>
    <ssid>22112352</ssid>
    </image>
  <image>
    <ssid>22112353</ssid>
    </image>
  <image>
    <ssid>22112354</ssid>
    </image>
  <image>
    <ssid>22570531</ssid>
    </image>
  <image>
    <ssid>22570532</ssid>
    </image>
  <image>
    <ssid>22570533</ssid>
    </image>
  <image>
    <ssid>22570534</ssid>
    </image>
  <image>
    <ssid>22557247</ssid>
    </image>
  <image>
    <ssid>22098368</ssid>
    </image>
  <image>
    <ssid>22098369</ssid>
    </image>
  <image>
    <ssid>22965848</ssid>
    </image>
  <image>
    <ssid>22112368</ssid>
    </image>
  <image>
    <ssid>22112369</ssid>
    </image>
  <image>
    <ssid>22112370</ssid>
    </image>
  <image>
    <ssid>22112371</ssid>
    </image>
  <image>
    <ssid>22965853</ssid>
    </image>
  <image>
    <ssid>22965857</ssid>
    </image>
  <image>
    <ssid>22965888</ssid>
    </image>
  <image>
    <ssid>22965889</ssid>
    </image>
  <image>
    <ssid>22965861</ssid>
    </image>
  <image>
    <ssid>22404750</ssid>
    </image>
  <image>
    <ssid>22404751</ssid>
    </image>
  <image>
    <ssid>22404752</ssid>
    </image>
  <image>
    <ssid>22404753</ssid>
    </image>
  <image>
    <ssid>22404754</ssid>
    </image>
  <image>
    <ssid>22404755</ssid>
    </image>
  <image>
    <ssid>22486604</ssid>
    </image>
  <image>
    <ssid>22486602</ssid>
    </image>
  <image>
    <ssid>21005309</ssid>
    </image>
  <image>
    <ssid>20925681</ssid>
    </image>
  <image>
    <ssid>22964233</ssid>
    </image>
  <image>
    <ssid>22964234</ssid>
    </image>
  <image>
    <ssid>22964236</ssid>
    </image>
  <image>
    <ssid>22964240</ssid>
    </image>
  <image>
    <ssid>22570547</ssid>
    </image>
  <image>
    <ssid>22570540</ssid>
    </image>
  <image>
    <ssid>22112321</ssid>
    </image>
  <image>
    <ssid>21731986</ssid>
    </image>
  <image>
    <ssid>21731980</ssid>
    </image>
  <image>
    <ssid>26013017</ssid>
    <imageUrl>https://stor.artstor.org/iiif/2019/08/22/19/67a1e378-aea8-42ad-9dfe-e66127bca69c_deflate.tif/info.json</imageUrl>
  </image>
  <image>
    <ssid>20900148</ssid>
    </image>
  <image>
    <ssid>26617735</ssid>
    <imageUrl>https://stor.artstor.org/iiif/2019/10/21/12/c079a684-7594-4acc-b5d2-3aec38261257_deflate.tif/info.json</imageUrl>
  </image>
  <image>
    <ssid>22486597</ssid>
    </image>
  <image>
    <ssid>26208022</ssid>
    <imageUrl>https://stor.artstor.org/iiif/2019/09/09/14/29d52eac-82d7-4f7a-a5eb-1ea9838d4fb2_deflate.tif/info.json</imageUrl>
  </image>
  <image>
    <ssid>22964248</ssid>
    </image>
  <image>
    <ssid>22964254</ssid>
    </image>
  <image>
    <ssid>22964251</ssid>
    </image>
  <image>
    <ssid>22964252</ssid>
    </image>
  <image>
    <ssid>22964249</ssid>
    </image>
  <image>
    <ssid>22964250</ssid>
    </image>
  <image>
    <ssid>22964255</ssid>
    </image>
  <image>
    <ssid>22964253</ssid>
    </image>
  <image>
    <ssid>26617752</ssid>
    <imageUrl>https://stor.artstor.org/iiif/2019/10/21/12/8711884a-945f-4aa5-88e3-b2aec6dc82e8_deflate.tif/info.json</imageUrl>
  </image>
  <image>
    <ssid>26617753</ssid>
    <imageUrl>https://stor.artstor.org/iiif/2019/10/21/12/833d774a-bda7-4ec1-894e-3e2edf82e485_deflate.tif/info.json</imageUrl>
  </image>
  <image>
    <ssid>26617757</ssid>
    <imageUrl>https://stor.artstor.org/iiif/2019/10/21/12/1373a605-b18d-4dcc-a22e-9c511451b0ec_deflate.tif/info.json</imageUrl>
  </image>
  <image>
    <ssid>22965849</ssid>
    </image>
  <image>
    <ssid>22965850</ssid>
    </image>
  <image>
    <ssid>22403216</ssid>
    </image>
  <image>
    <ssid>26182715</ssid>
    <imageUrl>https://stor.artstor.org/iiif/2019/09/05/14/62e6b758-8436-4127-b0ac-24adda9756e6_deflate.tif/info.json</imageUrl>
  </image>
  <image>
    <ssid>20520778</ssid>
    </image>
  <image>
    <ssid>20520779</ssid>
    </image>
  <image>
    <ssid>20520780</ssid>
    </image>
  <image>
    <ssid>20520781</ssid>
    </image>
  <image>
    <ssid>20520783</ssid>
    </image>
  <image>
    <ssid>20520784</ssid>
    </image>
  <image>
    <ssid>20520785</ssid>
    </image>
  <image>
    <ssid>20520786</ssid>
    </image>
  <image>
    <ssid>20520776</ssid>
    </image>
  <image>
    <ssid>20520777</ssid>
    </image>
  <image>
    <ssid>20520773</ssid>
    </image>
  <image>
    <ssid>20520774</ssid>
    </image>
  <image>
    <ssid>20520775</ssid>
    </image>
  <image>
    <ssid>26153939</ssid>
    <imageUrl>https://stor.artstor.org/iiif/2019/08/29/20/a6036b9a-9729-4320-ba48-1d7ac562a776_deflate.tif/info.json</imageUrl>
  </image>
  <image>
    <ssid>26153940</ssid>
    <imageUrl>https://stor.artstor.org/iiif/2019/08/29/20/63f81990-177d-48d5-a497-51d3f332cc5e_deflate.tif/info.json</imageUrl>
  </image>
  <image>
    <ssid>22764519</ssid>
    </image>
  <image>
    <ssid>20336513</ssid>
    </image>
  <image>
    <ssid>20336516</ssid>
    </image>
  <image>
    <ssid>20336519</ssid>
    </image>
  <image>
    <ssid>20336522</ssid>
    </image>
  <image>
    <ssid>20336525</ssid>
    </image>
  <image>
    <ssid>20336528</ssid>
    </image>
  <image>
    <ssid>20336531</ssid>
    </image>
  <image>
    <ssid>20336534</ssid>
    </image>
  <image>
    <ssid>20336537</ssid>
    </image>
  <image>
    <ssid>20336541</ssid>
    </image>
  <image>
    <ssid>20336545</ssid>
    </image>
  <image>
    <ssid>20336548</ssid>
    </image>
  <image>
    <ssid>20336551</ssid>
    </image>
  <image>
    <ssid>20336555</ssid>
    </image>
  <image>
    <ssid>20336558</ssid>
    </image>
  <image>
    <ssid>20336560</ssid>
    </image>
  <image>
    <ssid>20336564</ssid>
    </image>
  <image>
    <ssid>20336569</ssid>
    </image>
  <image>
    <ssid>20342035</ssid>
    </image>
  <image>
    <ssid>20342036</ssid>
    </image>
  <image>
    <ssid>26013020</ssid>
    <imageUrl>https://stor.artstor.org/iiif/2019/08/22/19/4676646b-77d7-45e5-84be-c01727315319_deflate.tif/info.json</imageUrl>
  </image>
  <image>
    <ssid>20433652</ssid>
    </image>
  <image>
    <ssid>20433653</ssid>
    </image>
  <image>
    <ssid>20433654</ssid>
    </image>
  <image>
    <ssid>20433655</ssid>
    </image>
  <image>
    <ssid>20433656</ssid>
    </image>
  <image>
    <ssid>22782668</ssid>
    </image>
  <image>
    <ssid>20616109</ssid>
    </image>
  <image>
    <ssid>20616110</ssid>
    </image>
  <image>
    <ssid>20616141</ssid>
    </image>
  <image>
    <ssid>20616142</ssid>
    </image>
  <image>
    <ssid>20892370</ssid>
    </image>
  <image>
    <ssid>22339971</ssid>
    </image>
  <image>
    <ssid>22339972</ssid>
    </image>
  <image>
    <ssid>22339973</ssid>
    </image>
  <image>
    <ssid>21731987</ssid>
    </image>
  <image>
    <ssid>22112376</ssid>
    </image>
  <image>
    <ssid>22782672</ssid>
    </image>
  <image>
    <ssid>22782675</ssid>
    </image>
  <image>
    <ssid>22782671</ssid>
    </image>
  <image>
    <ssid>22902960</ssid>
    </image>
  <image>
    <ssid>22902963</ssid>
    </image>
  <image>
    <ssid>22902966</ssid>
    </image>
  <image>
    <ssid>22902973</ssid>
    </image>
  <image>
    <ssid>22902974</ssid>
    </image>
  <image>
    <ssid>22902976</ssid>
    </image>
  <image>
    <ssid>22570529</ssid>
    </image>
  <image>
    <ssid>22570530</ssid>
    </image>
  <image>
    <ssid>22902967</ssid>
    </image>
  <image>
    <ssid>22902970</ssid>
    </image>
  <image>
    <ssid>21727495</ssid>
    </image>
  <image>
    <ssid>22570538</ssid>
    </image>
  <image>
    <ssid>22902978</ssid>
    </image>
  <image>
    <ssid>22902980</ssid>
    </image>
  <image>
    <ssid>22902981</ssid>
    </image>
  <image>
    <ssid>22902982</ssid>
    </image>
  <image>
    <ssid>22902987</ssid>
    </image>
  <image>
    <ssid>22486607</ssid>
    </image>
  <image>
    <ssid>22486608</ssid>
    </image>
  <image>
    <ssid>22486609</ssid>
    </image>
  <image>
    <ssid>22486610</ssid>
    </image>
  <image>
    <ssid>22486611</ssid>
    </image>
  <image>
    <ssid>22486612</ssid>
    </image>
  <image>
    <ssid>22964258</ssid>
    </image>
  <image>
    <ssid>22345414</ssid>
    </image>
  <image>
    <ssid>22345415</ssid>
    </image>
  <image>
    <ssid>26020910</ssid>
    <imageUrl>https://stor.artstor.org/iiif/2019/08/26/15/eed496ea-b196-49da-a276-15a170ba5973_deflate.tif/info.json</imageUrl>
  </image>
  <image>
    <ssid>26013047</ssid>
    <imageUrl>https://stor.artstor.org/iiif/2019/08/22/19/f3abff4a-74ee-4a99-9dac-6632fe56266c_deflate.tif/info.json</imageUrl>
  </image>
  <image>
    <ssid>26020909</ssid>
    <imageUrl>https://stor.artstor.org/iiif/2019/08/26/15/f35001d2-596d-4117-9361-9dedefd9213f_deflate.tif/info.json</imageUrl>
  </image>
  <image>
    <ssid>21544520</ssid>
    </image>
  <image>
    <ssid>21544521</ssid>
    </image>
  <image>
    <ssid>21544522</ssid>
    </image>
  <image>
    <ssid>22965867</ssid>
    </image>
  <image>
    <ssid>21241625</ssid>
    </image>
  <image>
    <ssid>21241626</ssid>
    </image>
  <image>
    <ssid>20341989</ssid>
    </image>
  <image>
    <ssid>20341990</ssid>
    </image>
  <image>
    <ssid>20341991</ssid>
    </image>
  <image>
    <ssid>20341992</ssid>
    </image>
  <image>
    <ssid>20341993</ssid>
    </image>
  <image>
    <ssid>20341994</ssid>
    </image>
  <image>
    <ssid>20341995</ssid>
    </image>
  <image>
    <ssid>20341996</ssid>
    </image>
  <image>
    <ssid>20341997</ssid>
    </image>
  <image>
    <ssid>20341998</ssid>
    </image>
  <image>
    <ssid>20341999</ssid>
    </image>
  <image>
    <ssid>20342000</ssid>
    </image>
  <image>
    <ssid>20342001</ssid>
    </image>
  <image>
    <ssid>20342002</ssid>
    </image>
  <image>
    <ssid>21323272</ssid>
    </image>
  <image>
    <ssid>21323273</ssid>
    </image>
  <image>
    <ssid>21323274</ssid>
    </image>
  <image>
    <ssid>21323275</ssid>
    </image>
  <image>
    <ssid>21323276</ssid>
    </image>
  <image>
    <ssid>21323277</ssid>
    </image>
  <image>
    <ssid>21323278</ssid>
    </image>
  <image>
    <ssid>21323279</ssid>
    </image>
  <image>
    <ssid>21323280</ssid>
    </image>
  <image>
    <ssid>21323281</ssid>
    </image>
  <image>
    <ssid>21323282</ssid>
    </image>
  <image>
    <ssid>21323283</ssid>
    </image>
  <image>
    <ssid>21323284</ssid>
    </image>
  <image>
    <ssid>21323285</ssid>
    </image>
  <image>
    <ssid>21323286</ssid>
    </image>
  <image>
    <ssid>20926013</ssid>
    </image>
  <image>
    <ssid>20926021</ssid>
    </image>
  <image>
    <ssid>20926029</ssid>
    </image>
  <image>
    <ssid>20926035</ssid>
    </image>
  <image>
    <ssid>20926042</ssid>
    </image>
  <image>
    <ssid>22124692</ssid>
    </image>
  <image>
    <ssid>22124693</ssid>
    </image>
  <image>
    <ssid>20433528</ssid>
    </image>
  <image>
    <ssid>20433529</ssid>
    </image>
  <image>
    <ssid>20433530</ssid>
    </image>
  <image>
    <ssid>20433531</ssid>
    </image>
  <image>
    <ssid>20433532</ssid>
    </image>
  <image>
    <ssid>20433533</ssid>
    </image>
  <image>
    <ssid>26182738</ssid>
    <imageUrl>https://stor.artstor.org/iiif/2019/09/05/14/4e5883c9-832d-4543-802f-5b5663f25ace_deflate.tif/info.json</imageUrl>
  </image>
  <image>
    <ssid>26182740</ssid>
    <imageUrl>https://stor.artstor.org/iiif/2019/09/05/14/555dde61-4af1-4413-824e-be54585788b5_deflate.tif/info.json</imageUrl>
  </image>
  <image>
    <ssid>26182744</ssid>
    <imageUrl>https://stor.artstor.org/iiif/2019/09/05/14/02d5f0bb-d013-44a0-817d-a43edd0e5e32_deflate.tif/info.json</imageUrl>
  </image>
  <image>
    <ssid>26182746</ssid>
    <imageUrl>https://stor.artstor.org/iiif/2019/09/05/14/a9d891aa-09fe-491c-a334-119db7ccfb57_deflate.tif/info.json</imageUrl>
  </image>
  <image>
    <ssid>26182751</ssid>
    <imageUrl>https://stor.artstor.org/iiif/2019/09/05/14/249576c3-d4f9-42d1-97bc-b4605aa6111c_deflate.tif/info.json</imageUrl>
  </image>
  <image>
    <ssid>26182753</ssid>
    <imageUrl>https://stor.artstor.org/iiif/2019/09/05/14/736fb356-fc70-462a-aebf-214415886970_deflate.tif/info.json</imageUrl>
  </image>
  <image>
    <ssid>26182755</ssid>
    <imageUrl>https://stor.artstor.org/iiif/2019/09/05/14/6d264369-4244-4037-adcb-ac752cf41459_deflate.tif/info.json</imageUrl>
  </image>
  <image>
    <ssid>26182742</ssid>
    <imageUrl>https://stor.artstor.org/iiif/2019/09/05/14/c9f99033-030c-442f-8a6d-de2acb1ff842_deflate.tif/info.json</imageUrl>
  </image>
  <image>
    <ssid>22965852</ssid>
    </image>
  <image>
    <ssid>20434282</ssid>
    </image>
  <image>
    <ssid>20434287</ssid>
    </image>
  <image>
    <ssid>20434290</ssid>
    </image>
  <image>
    <ssid>20434295</ssid>
    </image>
  <image>
    <ssid>20434300</ssid>
    </image>
  <image>
    <ssid>20434304</ssid>
    </image>
  <image>
    <ssid>20434308</ssid>
    </image>
  <image>
    <ssid>20434312</ssid>
    </image>
  <image>
    <ssid>20434315</ssid>
    </image>
  <image>
    <ssid>20434319</ssid>
    </image>
  <image>
    <ssid>20434323</ssid>
    </image>
  <image>
    <ssid>20434326</ssid>
    </image>
  <image>
    <ssid>26208037</ssid>
    <imageUrl>https://stor.artstor.org/iiif/2019/09/09/14/05d6260c-d3ed-45d8-9fd4-af3372670242_deflate.tif/info.json</imageUrl>
  </image>
  <image>
    <ssid>26208035</ssid>
    <imageUrl>https://stor.artstor.org/iiif/2019/09/09/14/de1e8751-f28e-4bca-81ed-e38fa46afbc0_deflate.tif/info.json</imageUrl>
  </image>
  <image>
    <ssid>26208036</ssid>
    <imageUrl>https://stor.artstor.org/iiif/2019/09/09/14/1f0eb4a1-f3c7-4650-a8db-1104b02e591c_deflate.tif/info.json</imageUrl>
  </image>
  <image>
    <ssid>22965890</ssid>
    </image>
  <image>
    <ssid>22965891</ssid>
    </image>
  <image>
    <ssid>22965894</ssid>
    </image>
  <image>
    <ssid>20925682</ssid>
    </image>
  <image>
    <ssid>22965871</ssid>
    </image>
  <image>
    <ssid>22965872</ssid>
    </image>
  <image>
    <ssid>22965873</ssid>
    </image>
  <image>
    <ssid>22965870</ssid>
    </image>
  <image>
    <ssid>20926224</ssid>
    </image>
  <image>
    <ssid>20926226</ssid>
    </image>
  <image>
    <ssid>20523223</ssid>
    </image>
  <image>
    <ssid>20523224</ssid>
    </image>
  <image>
    <ssid>20523225</ssid>
    </image>
  <image>
    <ssid>20523226</ssid>
    </image>
  <image>
    <ssid>20523227</ssid>
    </image>
  <image>
    <ssid>20523228</ssid>
    </image>
  <image>
    <ssid>20523229</ssid>
    </image>
  <image>
    <ssid>20523230</ssid>
    </image>
  <image>
    <ssid>20523231</ssid>
    </image>
  <image>
    <ssid>20523232</ssid>
    </image>
  <image>
    <ssid>20523233</ssid>
    </image>
  <image>
    <ssid>20523234</ssid>
    </image>
  <image>
    <ssid>20523235</ssid>
    </image>
  <image>
    <ssid>20523236</ssid>
    </image>
  <image>
    <ssid>20523237</ssid>
    </image>
  <image>
    <ssid>20523238</ssid>
    </image>
  <image>
    <ssid>20523239</ssid>
    </image>
  <image>
    <ssid>20523240</ssid>
    </image>
  <image>
    <ssid>20523241</ssid>
    </image>
  <image>
    <ssid>22098315</ssid>
    </image>
  <image>
    <ssid>21005327</ssid>
    </image>
</images>